[2026-07-27T02:59:14.314Z] error: <piholeProxyHandler> Failed to login to Pi-Hole API, status: 401
[2026-07-27T03:00:16.235Z] error: <piholeProxyHandler> Failed to login to Pi-Hole API, status: 401
[2026-07-27T03:00:16.903Z] error: <piholeProxyHandler> Failed to login to Pi-Hole API, status: 401
[2026-07-27T03:00:52.503Z] error: <piholeProxyHandler> Failed to login to Pi-Hole API, status: 401
[2026-07-27T03:00:53.039Z] error: <piholeProxyHandler> Failed to login to Pi-Hole API, status: 401
[2026-07-27T03:02:00.266Z] error: <piholeProxyHandler> Failed to login to Pi-Hole API, status: 400
[2026-07-27T03:02:00.821Z] error: <piholeProxyHandler> Failed to login to Pi-Hole API, status: 400
[2026-07-27T03:02:44.456Z] error: <piholeProxyHandler> Failed to login to Pi-Hole API, status: 400
[2026-07-27T03:03:03.838Z] error: <piholeProxyHandler> Failed to login to Pi-Hole API, status: 400
[2026-07-27T03:03:06.563Z] error: <piholeProxyHandler> Failed to login to Pi-Hole API, status: 400
[2026-07-27T03:03:10.129Z] error: <piholeProxyHandler> Failed to login to Pi-Hole API, status: 400
[2026-07-27T03:04:42.953Z] error: <piholeProxyHandler> Failed to login to Pi-Hole API, status: 400
[2026-07-27T03:04:46.058Z] error: <piholeProxyHandler> Failed to login to Pi-Hole API, status: 400
[2026-07-27T03:05:03.772Z] error: <piholeProxyHandler> Failed to login to Pi-Hole API, status: 400
[2026-07-29T05:57:08.450Z] error: <configValidationHandler> Configuration validation errors [
  {
    name: 'YAMLException',
    reason: 'duplicated mapping key',
    mark: {
      name: null,
      buffer: 'title: Hemati Homelab\n' +
        'theme: dark\n' +
        'color: slate\n' +
        'headerStyle: boxed\n' +
        'statusStyle: "dot"\n' +
        'hideVersion: false\n' +
        '\n' +
        'layout:\n' +
        '  System:\n' +
        '    header: true\n' +
        '    style: row\n' +
        '    columns: 1\n' +
        '  Servers:\n' +
        '    header: false\n' +
        '    style: row\n' +
        '  Containers:\n' +
        '    columns: 3\n' +
        '    header: true\n' +
        '    style: row\n' +
        '    columns: 4\n' +
        '  Bookmarks:\n' +
        '    header: true\n' +
        '    style: row\n' +
        '    columns: 6\n',
      position: 279,
      line: 19,
      column: 4,
      snippet: ' 17 |     columns: 3\n' +
        ' 18 |     header: true\n' +
        ' 19 |     style: row\n' +
        ' 20 |     columns: 4\n' +
        '----------^\n' +
        ' 21 |   Bookmarks:\n' +
        ' 22 |     header: true'
    },
    message: 'duplicated mapping key (20:5)\n' +
      '\n' +
      ' 17 |     columns: 3\n' +
      ' 18 |     header: true\n' +
      ' 19 |     style: row\n' +
      ' 20 |     columns: 4\n' +
      '----------^\n' +
      ' 21 |   Bookmarks:\n' +
      ' 22 |     header: true',
    config: 'settings.yaml'
  }
]
[2026-07-29T05:57:08.453Z] error: Failed to load settings.yaml, please check for errors
[2026-07-29T05:57:08.454Z] error: YAMLException: duplicated mapping key (20:5)

 17 |     columns: 3
 18 |     header: true
 19 |     style: row
 20 |     columns: 4
----------^
 21 |   Bookmarks:
 22 |     header: true
[2026-07-29T05:57:08.469Z] error: Failed to discover services, please check docker.yaml for errors or remove example entries.
[2026-07-29T05:57:08.469Z] error: YAMLException: duplicated mapping key (20:5)

 17 |     columns: 3
 18 |     header: true
 19 |     style: row
 20 |     columns: 4
----------^
 21 |   Bookmarks:
 22 |     header: true
[2026-07-29T05:57:08.470Z] error: Failed to discover services, please check kubernetes.yaml for errors or remove example entries.
[2026-07-29T05:57:08.470Z] error: YAMLException: duplicated mapping key (20:5)

 17 |     columns: 3
 18 |     header: true
 19 |     style: row
 20 |     columns: 4
----------^
 21 |   Bookmarks:
 22 |     header: true
[2026-07-29T05:57:08.482Z] error: Failed to load settings.yaml, please check for errors
[2026-07-29T05:57:08.483Z] error: YAMLException: duplicated mapping key (20:5)

 17 |     columns: 3
 18 |     header: true
 19 |     style: row
 20 |     columns: 4
----------^
 21 |   Bookmarks:
 22 |     header: true
[2026-07-29T05:57:08.583Z] error: <index> YAMLException: duplicated mapping key (20:5)

 17 |     columns: 3
 18 |     header: true
 19 |     style: row
 20 |     columns: 4
----------^
 21 |   Bookmarks:
 22 |     header: true
    at generateError (file:///app/node_modules/.pnpm/js-yaml@4.1.1/node_modules/js-yaml/dist/js-yaml.mjs:1289:10)
    at throwError (file:///app/node_modules/.pnpm/js-yaml@4.1.1/node_modules/js-yaml/dist/js-yaml.mjs:1293:9)
    at storeMappingPair (file:///app/node_modules/.pnpm/js-yaml@4.1.1/node_modules/js-yaml/dist/js-yaml.mjs:1464:7)
    at readBlockMapping (file:///app/node_modules/.pnpm/js-yaml@4.1.1/node_modules/js-yaml/dist/js-yaml.mjs:2269:9)
    at composeNode (file:///app/node_modules/.pnpm/js-yaml@4.1.1/node_modules/js-yaml/dist/js-yaml.mjs:2537:12)
    at readBlockMapping (file:///app/node_modules/.pnpm/js-yaml@4.1.1/node_modules/js-yaml/dist/js-yaml.mjs:2260:11)
    at composeNode (file:///app/node_modules/.pnpm/js-yaml@4.1.1/node_modules/js-yaml/dist/js-yaml.mjs:2537:12)
    at readBlockMapping (file:///app/node_modules/.pnpm/js-yaml@4.1.1/node_modules/js-yaml/dist/js-yaml.mjs:2260:11)
    at composeNode (file:///app/node_modules/.pnpm/js-yaml@4.1.1/node_modules/js-yaml/dist/js-yaml.mjs:2537:12)
    at readDocument (file:///app/node_modules/.pnpm/js-yaml@4.1.1/node_modules/js-yaml/dist/js-yaml.mjs:2721:3)
[2026-07-29T05:57:08.854Z] error: YAMLException: duplicated mapping key (20:5)

 17 |     columns: 3
 18 |     header: true
 19 |     style: row
 20 |     columns: 4
----------^
 21 |   Bookmarks:
 22 |     header: true
    at generateError (file:///app/node_modules/.pnpm/js-yaml@4.1.1/node_modules/js-yaml/dist/js-yaml.mjs:1289:10)
    at throwError (file:///app/node_modules/.pnpm/js-yaml@4.1.1/node_modules/js-yaml/dist/js-yaml.mjs:1293:9)
    at storeMappingPair (file:///app/node_modules/.pnpm/js-yaml@4.1.1/node_modules/js-yaml/dist/js-yaml.mjs:1464:7)
    at readBlockMapping (file:///app/node_modules/.pnpm/js-yaml@4.1.1/node_modules/js-yaml/dist/js-yaml.mjs:2269:9)
    at composeNode (file:///app/node_modules/.pnpm/js-yaml@4.1.1/node_modules/js-yaml/dist/js-yaml.mjs:2537:12)
    at readBlockMapping (file:///app/node_modules/.pnpm/js-yaml@4.1.1/node_modules/js-yaml/dist/js-yaml.mjs:2260:11)
    at composeNode (file:///app/node_modules/.pnpm/js-yaml@4.1.1/node_modules/js-yaml/dist/js-yaml.mjs:2537:12)
    at readBlockMapping (file:///app/node_modules/.pnpm/js-yaml@4.1.1/node_modules/js-yaml/dist/js-yaml.mjs:2260:11)
    at composeNode (file:///app/node_modules/.pnpm/js-yaml@4.1.1/node_modules/js-yaml/dist/js-yaml.mjs:2537:12)
    at readDocument (file:///app/node_modules/.pnpm/js-yaml@4.1.1/node_modules/js-yaml/dist/js-yaml.mjs:2721:3)
[2026-07-29T05:57:08.860Z] error: YAMLException: duplicated mapping key (20:5)

 17 |     columns: 3
 18 |     header: true
 19 |     style: row
 20 |     columns: 4
----------^
 21 |   Bookmarks:
 22 |     header: true
    at generateError (file:///app/node_modules/.pnpm/js-yaml@4.1.1/node_modules/js-yaml/dist/js-yaml.mjs:1289:10)
    at throwError (file:///app/node_modules/.pnpm/js-yaml@4.1.1/node_modules/js-yaml/dist/js-yaml.mjs:1293:9)
    at storeMappingPair (file:///app/node_modules/.pnpm/js-yaml@4.1.1/node_modules/js-yaml/dist/js-yaml.mjs:1464:7)
    at readBlockMapping (file:///app/node_modules/.pnpm/js-yaml@4.1.1/node_modules/js-yaml/dist/js-yaml.mjs:2269:9)
    at composeNode (file:///app/node_modules/.pnpm/js-yaml@4.1.1/node_modules/js-yaml/dist/js-yaml.mjs:2537:12)
    at readBlockMapping (file:///app/node_modules/.pnpm/js-yaml@4.1.1/node_modules/js-yaml/dist/js-yaml.mjs:2260:11)
    at composeNode (file:///app/node_modules/.pnpm/js-yaml@4.1.1/node_modules/js-yaml/dist/js-yaml.mjs:2537:12)
    at readBlockMapping (file:///app/node_modules/.pnpm/js-yaml@4.1.1/node_modules/js-yaml/dist/js-yaml.mjs:2260:11)
    at composeNode (file:///app/node_modules/.pnpm/js-yaml@4.1.1/node_modules/js-yaml/dist/js-yaml.mjs:2537:12)
    at readDocument (file:///app/node_modules/.pnpm/js-yaml@4.1.1/node_modules/js-yaml/dist/js-yaml.mjs:2721:3)
[2026-07-29T05:57:08.910Z] error: <configValidationHandler> Configuration validation errors [
  {
    name: 'YAMLException',
    reason: 'duplicated mapping key',
    mark: {
      name: null,
      buffer: 'title: Hemati Homelab\n' +
        'theme: dark\n' +
        'color: slate\n' +
        'headerStyle: boxed\n' +
        'statusStyle: "dot"\n' +
        'hideVersion: false\n' +
        '\n' +
        'layout:\n' +
        '  System:\n' +
        '    header: true\n' +
        '    style: row\n' +
        '    columns: 1\n' +
        '  Servers:\n' +
        '    header: false\n' +
        '    style: row\n' +
        '  Containers:\n' +
        '    columns: 3\n' +
        '    header: true\n' +
        '    style: row\n' +
        '    columns: 4\n' +
        '  Bookmarks:\n' +
        '    header: true\n' +
        '    style: row\n' +
        '    columns: 6\n',
      position: 279,
      line: 19,
      column: 4,
      snippet: ' 17 |     columns: 3\n' +
        ' 18 |     header: true\n' +
        ' 19 |     style: row\n' +
        ' 20 |     columns: 4\n' +
        '----------^\n' +
        ' 21 |   Bookmarks:\n' +
        ' 22 |     header: true'
    },
    message: 'duplicated mapping key (20:5)\n' +
      '\n' +
      ' 17 |     columns: 3\n' +
      ' 18 |     header: true\n' +
      ' 19 |     style: row\n' +
      ' 20 |     columns: 4\n' +
      '----------^\n' +
      ' 21 |   Bookmarks:\n' +
      ' 22 |     header: true',
    config: 'settings.yaml'
  }
]
[2026-07-29T05:57:09.018Z] error: Failed to load settings.yaml, please check for errors
[2026-07-29T05:57:09.018Z] error: YAMLException: duplicated mapping key (20:5)

 17 |     columns: 3
 18 |     header: true
 19 |     style: row
 20 |     columns: 4
----------^
 21 |   Bookmarks:
 22 |     header: true
[2026-07-29T05:57:09.019Z] error: Failed to discover services, please check docker.yaml for errors or remove example entries.
[2026-07-29T05:57:09.019Z] error: YAMLException: duplicated mapping key (20:5)

 17 |     columns: 3
 18 |     header: true
 19 |     style: row
 20 |     columns: 4
----------^
 21 |   Bookmarks:
 22 |     header: true
[2026-07-29T05:57:09.020Z] error: Failed to discover services, please check kubernetes.yaml for errors or remove example entries.
[2026-07-29T05:57:09.020Z] error: YAMLException: duplicated mapping key (20:5)

 17 |     columns: 3
 18 |     header: true
 19 |     style: row
 20 |     columns: 4
----------^
 21 |   Bookmarks:
 22 |     header: true
[2026-07-29T05:57:09.022Z] error: Failed to load settings.yaml, please check for errors
[2026-07-29T05:57:09.022Z] error: YAMLException: duplicated mapping key (20:5)

 17 |     columns: 3
 18 |     header: true
 19 |     style: row
 20 |     columns: 4
----------^
 21 |   Bookmarks:
 22 |     header: true
[2026-07-29T05:57:09.078Z] error: YAMLException: duplicated mapping key (20:5)

 17 |     columns: 3
 18 |     header: true
 19 |     style: row
 20 |     columns: 4
----------^
 21 |   Bookmarks:
 22 |     header: true
    at generateError (file:///app/node_modules/.pnpm/js-yaml@4.1.1/node_modules/js-yaml/dist/js-yaml.mjs:1289:10)
    at throwError (file:///app/node_modules/.pnpm/js-yaml@4.1.1/node_modules/js-yaml/dist/js-yaml.mjs:1293:9)
    at storeMappingPair (file:///app/node_modules/.pnpm/js-yaml@4.1.1/node_modules/js-yaml/dist/js-yaml.mjs:1464:7)
    at readBlockMapping (file:///app/node_modules/.pnpm/js-yaml@4.1.1/node_modules/js-yaml/dist/js-yaml.mjs:2269:9)
    at composeNode (file:///app/node_modules/.pnpm/js-yaml@4.1.1/node_modules/js-yaml/dist/js-yaml.mjs:2537:12)
    at readBlockMapping (file:///app/node_modules/.pnpm/js-yaml@4.1.1/node_modules/js-yaml/dist/js-yaml.mjs:2260:11)
    at composeNode (file:///app/node_modules/.pnpm/js-yaml@4.1.1/node_modules/js-yaml/dist/js-yaml.mjs:2537:12)
    at readBlockMapping (file:///app/node_modules/.pnpm/js-yaml@4.1.1/node_modules/js-yaml/dist/js-yaml.mjs:2260:11)
    at composeNode (file:///app/node_modules/.pnpm/js-yaml@4.1.1/node_modules/js-yaml/dist/js-yaml.mjs:2537:12)
    at readDocument (file:///app/node_modules/.pnpm/js-yaml@4.1.1/node_modules/js-yaml/dist/js-yaml.mjs:2721:3)
[2026-07-29T05:57:09.083Z] error: YAMLException: duplicated mapping key (20:5)

 17 |     columns: 3
 18 |     header: true
 19 |     style: row
 20 |     columns: 4
----------^
 21 |   Bookmarks:
 22 |     header: true
    at generateError (file:///app/node_modules/.pnpm/js-yaml@4.1.1/node_modules/js-yaml/dist/js-yaml.mjs:1289:10)
    at throwError (file:///app/node_modules/.pnpm/js-yaml@4.1.1/node_modules/js-yaml/dist/js-yaml.mjs:1293:9)
    at storeMappingPair (file:///app/node_modules/.pnpm/js-yaml@4.1.1/node_modules/js-yaml/dist/js-yaml.mjs:1464:7)
    at readBlockMapping (file:///app/node_modules/.pnpm/js-yaml@4.1.1/node_modules/js-yaml/dist/js-yaml.mjs:2269:9)
    at composeNode (file:///app/node_modules/.pnpm/js-yaml@4.1.1/node_modules/js-yaml/dist/js-yaml.mjs:2537:12)
    at readBlockMapping (file:///app/node_modules/.pnpm/js-yaml@4.1.1/node_modules/js-yaml/dist/js-yaml.mjs:2260:11)
    at composeNode (file:///app/node_modules/.pnpm/js-yaml@4.1.1/node_modules/js-yaml/dist/js-yaml.mjs:2537:12)
    at readBlockMapping (file:///app/node_modules/.pnpm/js-yaml@4.1.1/node_modules/js-yaml/dist/js-yaml.mjs:2260:11)
    at composeNode (file:///app/node_modules/.pnpm/js-yaml@4.1.1/node_modules/js-yaml/dist/js-yaml.mjs:2537:12)
    at readDocument (file:///app/node_modules/.pnpm/js-yaml@4.1.1/node_modules/js-yaml/dist/js-yaml.mjs:2721:3)
[2026-08-03T21:00:48.389Z] error: end of the stream or a document separator is expected (56:1)

 53 |         description: Media SMB  ...
 54 |         server: podman
 55 |         container: samba
 56 | Stremio:
------^
 57 |     - Stremio:
 58 |         icon: stremio
[2026-08-03T21:00:48.391Z] error: end of the stream or a document separator is expected (56:1)

 53 |         description: Media SMB  ...
 54 |         server: podman
 55 |         container: samba
 56 | Stremio:
------^
 57 |     - Stremio:
 58 |         icon: stremio
[2026-08-03T21:00:48.487Z] error: end of the stream or a document separator is expected (56:1)

 53 |         description: Media SMB  ...
 54 |         server: podman
 55 |         container: samba
 56 | Stremio:
------^
 57 |     - Stremio:
 58 |         icon: stremio
[2026-08-03T21:00:58.420Z] error: end of the stream or a document separator is expected (56:1)

 53 |         description: Media SMB  ...
 54 |         server: podman
 55 |         container: samba
 56 | Stremio:
------^
 57 |     - Stremio:
 58 |         icon: stremio
[2026-08-03T21:00:58.422Z] error: end of the stream or a document separator is expected (56:1)

 53 |         description: Media SMB  ...
 54 |         server: podman
 55 |         container: samba
 56 | Stremio:
------^
 57 |     - Stremio:
 58 |         icon: stremio
[2026-08-03T21:00:58.520Z] error: end of the stream or a document separator is expected (56:1)

 53 |         description: Media SMB  ...
 54 |         server: podman
 55 |         container: samba
 56 | Stremio:
------^
 57 |     - Stremio:
 58 |         icon: stremio
[2026-08-03T21:01:08.452Z] error: end of the stream or a document separator is expected (56:1)

 53 |         description: Media SMB  ...
 54 |         server: podman
 55 |         container: samba
 56 | Stremio:
------^
 57 |     - Stremio:
 58 |         icon: stremio
[2026-08-03T21:01:13.451Z] error: end of the stream or a document separator is expected (56:1)

 53 |         description: Media SMB  ...
 54 |         server: podman
 55 |         container: samba
 56 | Stremio:
------^
 57 |     - Stremio:
 58 |         icon: stremio
[2026-08-03T21:01:13.552Z] error: end of the stream or a document separator is expected (56:1)

 53 |         description: Media SMB  ...
 54 |         server: podman
 55 |         container: samba
 56 | Stremio:
------^
 57 |     - Stremio:
 58 |         icon: stremio
[2026-08-03T21:01:38.481Z] error: end of the stream or a document separator is expected (56:1)

 53 |         description: Media SMB  ...
 54 |         server: podman
 55 |         container: samba
 56 | Stremio:
------^
 57 |     - Stremio:
 58 |         icon: stremio
[2026-08-03T21:01:39.458Z] error: end of the stream or a document separator is expected (56:1)

 53 |         description: Media SMB  ...
 54 |         server: podman
 55 |         container: samba
 56 | Stremio:
------^
 57 |     - Stremio:
 58 |         icon: stremio
[2026-08-03T21:01:39.475Z] error: <configValidationHandler> Configuration validation errors [
  {
    name: 'YAMLException',
    reason: 'end of the stream or a document separator is expected',
    mark: {
      name: null,
      buffer: '- System:\n' +
        '    - Cockpit:\n' +
        '        icon: cockpit-light\n' +
        '        href: https://cockpit.hemati.com\n' +
        '        description: Bazzite Dashboard\n' +
        '        ping: http://192.168.1.18:9090\n' +
        '    - Cloudflare:\n' +
        '        icon: cloudflare\n' +
        '        href: https://dash.cloudflare.com/67304fcb508ed8114c9625fb9a98aff1/one/networks/connectors/cloudflare-tunnels/cloudflared/f675bd2e-853b-481a-8242-3dab60bfa54e/edit/public-hostname\n' +
        '        description: Reverse-Proxy\n' +
        '        server: podman\n' +
        '        container: cloudflared\n' +
        '- Servers:\n' +
        '    - Sunshine:\n' +
        '        icon: sunshine\n' +
        '        href: https://sunshine.hemati.com\n' +
        '        description: Remote Desktop\n' +
        '        ping: http://localhost:47990\n' +
        '    - Vaultwarden:\n' +
        '        icon: bitwarden\n' +
        '        href: https://vault.hemati.com\n' +
        '        description: Password Manager\n' +
        '        server: podman\n' +
        '        container: vaultwarden\n' +
        '- Security:\n' +
        '    - Pi-hole:\n' +
        '        icon: pi-hole\n' +
        '        href: https://pi.hemati.com/admin\n' +
        '        description: DNS & Ad-blocker\n' +
        '        ping: https://pi.hemati.com/admin\n' +
        '        widget:\n' +
        '          type: pihole\n' +
        '          url: http://host.containers.internal:8080\n' +
        '          version: 6\n' +
        '          key: "{{HOMEPAGE_VAR_PIHOLE_KEY}}"\n' +
        '          fields: ["queries", "blocked", "blocked_percent", "gravity"]\n' +
        '- Containers:\n' +
        '    - Nextcloud:\n' +
        '        icon: nextcloud\n' +
        '        href: https://cloud.hemati.com\n' +
        '        description: Private File Storage\n' +
        '        server: podman\n' +
        '        container: nextcloud\n' +
        '    - Immich:\n' +
        '        icon: immich\n' +
        '        href: https://photos.hemati.com\n' +
        '        description: Photo & Video Backup\n' +
        '        server: podman\n' +
        '        container: immich-server\n' +
        '    - Samba:\n' +
        '        icon: samba-server\n' +
        '        href: https://app.plex.tv\n' +
        '        description: Media SMB Share\n' +
        '        server: podman\n' +
        '        container: samba\n' +
        'Stremio:\n' +
        '    - Stremio:\n' +
        '        icon: stremio\n' +
        '        #href: https://app.strem.io/shell-v4.4/?streamingServer=http%3A%2F%2F100.120.205.70%3A11470#\n' +
        '        href: https://stremio.hemati.com\n' +
        '        description: Freedom to Stream \n' +
        '        server: podman\n' +
        '        container: stremio-server\n' +
        '    - AIOStreams:\n' +
        '        icon: https://cdn.jsdelivr.net/gh/selfhst/icons/png/aiostreams-light.png\n' +
        '        href: https://aiostreams.hemati.com\n' +
        '        description: Stream Aggregator\n' +
        '        server: podman\n' +
        '        container: aiostreams\n' +
        '    - AIOMetadata:\n' +
        '        icon: https://cdn.jsdelivr.net/gh/selfhst/icons/png/aiometadata.png\n' +
        '        href: https://aiometadata.hemati.com\n' +
        '        description: Metadata Provider\n' +
        '        server: podman\n' +
        '        container: aiometadata\n' +
        '    - MediaFlow:\n' +
        '        icon: https://mediaflowtools.com/mediaflow-logo.svg\n' +
        '        href: https://mediaflow.hemati.com\n' +
        '        description: Debrid Cache Proxy\n' +
        '        server: podman\n' +
        '        container: mediaflow\n' +
        'Jellyfin:\n' +
        '    - Jellyfin:\n' +
        '        icon: jellyfin\n' +
        '        href: https://media.hemati.com\n' +
        '        description: Home Media Server\n' +
        '        server: podman\n' +
        '        container: jellyfin\n' +
        '    - Seerr:\n' +
        '        icon: seerr\n' +
        '        href: https://seerr.hemati.com\n' +
        '        description: Media Discovery Engine\n' +
        '        server: podman\n' +
        '        container: seerr\n' +
        '    - SeerrBridge:\n' +
        '        icon: https://avatars.githubusercontent.com/u/130290673?s=400&v=4\n' +
        '        href: https://seerrbridge.hemati.com\n' +
        '        description: Bridge Seerr to Jellyfin\n' +
        '        server: podman\n' +
        '        container: seerrbridge\n' +
        '    - Zurg:\n' +
        '        icon: real-debrid\n' +
        '        href: https://zurg.hemati.com\n' +
        '        description: Organize Media \n' +
        '        server: podman\n' +
        '        container: zurg\n' +
        'AI:\n' +
        '    - Ollama:\n' +
        '        icon: ollama\n' +
        '        href: https://ai.hemati.com\n' +
        '        description: Local AI Instance\n' +
        '        server: podman\n' +
        '        container: ollama\n' +
        '    - Hermes:\n' +
        '        icon: https://cdn.jsdelivr.net/gh/selfhst/icons/png/hermes-agent.png\n' +
        '        href: https://agent.hemati.com\n' +
        '        description: Local AI Harness\n' +
        '        server: podman\n' +
        '        container: hermes\n' +
        '\n' +
        '\n' +
        '\n' +
        '\n',
      position: 1750,
      line: 55,
      column: 0,
      snippet: ' 53 |         description: Media SMB  ...\n' +
        ' 54 |         server: podman\n' +
        ' 55 |         container: samba\n' +
        ' 56 | Stremio:\n' +
        '------^\n' +
        ' 57 |     - Stremio:\n' +
        ' 58 |         icon: stremio'
    },
    message: 'end of the stream or a document separator is expected (56:1)\n' +
      '\n' +
      ' 53 |         description: Media SMB  ...\n' +
      ' 54 |         server: podman\n' +
      ' 55 |         container: samba\n' +
      ' 56 | Stremio:\n' +
      '------^\n' +
      ' 57 |     - Stremio:\n' +
      ' 58 |         icon: stremio',
    config: 'services.yaml'
  }
]
[2026-08-03T21:01:39.486Z] error: end of the stream or a document separator is expected (56:1)

 53 |         description: Media SMB  ...
 54 |         server: podman
 55 |         container: samba
 56 | Stremio:
------^
 57 |     - Stremio:
 58 |         icon: stremio
[2026-08-03T21:01:39.490Z] error: end of the stream or a document separator is expected (56:1)

 53 |         description: Media SMB  ...
 54 |         server: podman
 55 |         container: samba
 56 | Stremio:
------^
 57 |     - Stremio:
 58 |         icon: stremio
[2026-08-03T21:01:39.526Z] error: <servicesProxy> YAMLException: end of the stream or a document separator is expected (56:1)

 53 |         description: Media SMB  ...
 54 |         server: podman
 55 |         container: samba
 56 | Stremio:
------^
 57 |     - Stremio:
 58 |         icon: stremio
    at generateError (file:///app/node_modules/.pnpm/js-yaml@4.1.1/node_modules/js-yaml/dist/js-yaml.mjs:1289:10)
    at throwError (file:///app/node_modules/.pnpm/js-yaml@4.1.1/node_modules/js-yaml/dist/js-yaml.mjs:1293:9)
    at readDocument (file:///app/node_modules/.pnpm/js-yaml@4.1.1/node_modules/js-yaml/dist/js-yaml.mjs:2741:5)
    at loadDocuments (file:///app/node_modules/.pnpm/js-yaml@4.1.1/node_modules/js-yaml/dist/js-yaml.mjs:2784:5)
    at Object.load$1 [as load] (file:///app/node_modules/.pnpm/js-yaml@4.1.1/node_modules/js-yaml/dist/js-yaml.mjs:2810:19)
    at s (/app/.next/server/chunks/9003.js:1:9152)
    at async w (/app/.next/server/chunks/9003.js:1:11702)
    at async x (/app/.next/server/chunks/9003.js:1:11981)
    at async l (/app/.next/server/pages/api/services/proxy.js:18:30644)
    at async tM (/app/node_modules/.pnpm/next@16.2.6_react-dom@19.2.5_react@19.2.5__react@19.2.5/node_modules/next/dist/compiled/next-server/pages-api.runtime.prod.js:1:102454)
[2026-08-03T21:01:39.610Z] error: Failed to load services.yaml, please check for errors
[2026-08-03T21:01:39.610Z] error: YAMLException: end of the stream or a document separator is expected (56:1)

 53 |         description: Media SMB  ...
 54 |         server: podman
 55 |         container: samba
 56 | Stremio:
------^
 57 |     - Stremio:
 58 |         icon: stremio
[2026-08-03T21:01:39.677Z] error: Failed to load services.yaml, please check for errors
[2026-08-03T21:01:39.677Z] error: YAMLException: end of the stream or a document separator is expected (56:1)

 53 |         description: Media SMB  ...
 54 |         server: podman
 55 |         container: samba
 56 | Stremio:
------^
 57 |     - Stremio:
 58 |         icon: stremio
[2026-08-03T21:01:39.945Z] error: <configValidationHandler> Configuration validation errors [
  {
    name: 'YAMLException',
    reason: 'end of the stream or a document separator is expected',
    mark: {
      name: null,
      buffer: '- System:\n' +
        '    - Cockpit:\n' +
        '        icon: cockpit-light\n' +
        '        href: https://cockpit.hemati.com\n' +
        '        description: Bazzite Dashboard\n' +
        '        ping: http://192.168.1.18:9090\n' +
        '    - Cloudflare:\n' +
        '        icon: cloudflare\n' +
        '        href: https://dash.cloudflare.com/67304fcb508ed8114c9625fb9a98aff1/one/networks/connectors/cloudflare-tunnels/cloudflared/f675bd2e-853b-481a-8242-3dab60bfa54e/edit/public-hostname\n' +
        '        description: Reverse-Proxy\n' +
        '        server: podman\n' +
        '        container: cloudflared\n' +
        '- Servers:\n' +
        '    - Sunshine:\n' +
        '        icon: sunshine\n' +
        '        href: https://sunshine.hemati.com\n' +
        '        description: Remote Desktop\n' +
        '        ping: http://localhost:47990\n' +
        '    - Vaultwarden:\n' +
        '        icon: bitwarden\n' +
        '        href: https://vault.hemati.com\n' +
        '        description: Password Manager\n' +
        '        server: podman\n' +
        '        container: vaultwarden\n' +
        '- Security:\n' +
        '    - Pi-hole:\n' +
        '        icon: pi-hole\n' +
        '        href: https://pi.hemati.com/admin\n' +
        '        description: DNS & Ad-blocker\n' +
        '        ping: https://pi.hemati.com/admin\n' +
        '        widget:\n' +
        '          type: pihole\n' +
        '          url: http://host.containers.internal:8080\n' +
        '          version: 6\n' +
        '          key: "{{HOMEPAGE_VAR_PIHOLE_KEY}}"\n' +
        '          fields: ["queries", "blocked", "blocked_percent", "gravity"]\n' +
        '- Containers:\n' +
        '    - Nextcloud:\n' +
        '        icon: nextcloud\n' +
        '        href: https://cloud.hemati.com\n' +
        '        description: Private File Storage\n' +
        '        server: podman\n' +
        '        container: nextcloud\n' +
        '    - Immich:\n' +
        '        icon: immich\n' +
        '        href: https://photos.hemati.com\n' +
        '        description: Photo & Video Backup\n' +
        '        server: podman\n' +
        '        container: immich-server\n' +
        '    - Samba:\n' +
        '        icon: samba-server\n' +
        '        href: https://app.plex.tv\n' +
        '        description: Media SMB Share\n' +
        '        server: podman\n' +
        '        container: samba\n' +
        'Stremio:\n' +
        '    - Stremio:\n' +
        '        icon: stremio\n' +
        '        #href: https://app.strem.io/shell-v4.4/?streamingServer=http%3A%2F%2F100.120.205.70%3A11470#\n' +
        '        href: https://stremio.hemati.com\n' +
        '        description: Freedom to Stream \n' +
        '        server: podman\n' +
        '        container: stremio-server\n' +
        '    - AIOStreams:\n' +
        '        icon: https://cdn.jsdelivr.net/gh/selfhst/icons/png/aiostreams-light.png\n' +
        '        href: https://aiostreams.hemati.com\n' +
        '        description: Stream Aggregator\n' +
        '        server: podman\n' +
        '        container: aiostreams\n' +
        '    - AIOMetadata:\n' +
        '        icon: https://cdn.jsdelivr.net/gh/selfhst/icons/png/aiometadata.png\n' +
        '        href: https://aiometadata.hemati.com\n' +
        '        description: Metadata Provider\n' +
        '        server: podman\n' +
        '        container: aiometadata\n' +
        '    - MediaFlow:\n' +
        '        icon: https://mediaflowtools.com/mediaflow-logo.svg\n' +
        '        href: https://mediaflow.hemati.com\n' +
        '        description: Debrid Cache Proxy\n' +
        '        server: podman\n' +
        '        container: mediaflow\n' +
        'Jellyfin:\n' +
        '    - Jellyfin:\n' +
        '        icon: jellyfin\n' +
        '        href: https://media.hemati.com\n' +
        '        description: Home Media Server\n' +
        '        server: podman\n' +
        '        container: jellyfin\n' +
        '    - Seerr:\n' +
        '        icon: seerr\n' +
        '        href: https://seerr.hemati.com\n' +
        '        description: Media Discovery Engine\n' +
        '        server: podman\n' +
        '        container: seerr\n' +
        '    - SeerrBridge:\n' +
        '        icon: https://avatars.githubusercontent.com/u/130290673?s=400&v=4\n' +
        '        href: https://seerrbridge.hemati.com\n' +
        '        description: Bridge Seerr to Jellyfin\n' +
        '        server: podman\n' +
        '        container: seerrbridge\n' +
        '    - Zurg:\n' +
        '        icon: real-debrid\n' +
        '        href: https://zurg.hemati.com\n' +
        '        description: Organize Media \n' +
        '        server: podman\n' +
        '        container: zurg\n' +
        'AI:\n' +
        '    - Ollama:\n' +
        '        icon: ollama\n' +
        '        href: https://ai.hemati.com\n' +
        '        description: Local AI Instance\n' +
        '        server: podman\n' +
        '        container: ollama\n' +
        '    - Hermes:\n' +
        '        icon: https://cdn.jsdelivr.net/gh/selfhst/icons/png/hermes-agent.png\n' +
        '        href: https://agent.hemati.com\n' +
        '        description: Local AI Harness\n' +
        '        server: podman\n' +
        '        container: hermes\n' +
        '\n' +
        '\n' +
        '\n' +
        '\n',
      position: 1750,
      line: 55,
      column: 0,
      snippet: ' 53 |         description: Media SMB  ...\n' +
        ' 54 |         server: podman\n' +
        ' 55 |         container: samba\n' +
        ' 56 | Stremio:\n' +
        '------^\n' +
        ' 57 |     - Stremio:\n' +
        ' 58 |         icon: stremio'
    },
    message: 'end of the stream or a document separator is expected (56:1)\n' +
      '\n' +
      ' 53 |         description: Media SMB  ...\n' +
      ' 54 |         server: podman\n' +
      ' 55 |         container: samba\n' +
      ' 56 | Stremio:\n' +
      '------^\n' +
      ' 57 |     - Stremio:\n' +
      ' 58 |         icon: stremio',
    config: 'services.yaml'
  }
]
[2026-08-03T21:01:40.116Z] error: Failed to load services.yaml, please check for errors
[2026-08-03T21:01:40.116Z] error: YAMLException: end of the stream or a document separator is expected (56:1)

 53 |         description: Media SMB  ...
 54 |         server: podman
 55 |         container: samba
 56 | Stremio:
------^
 57 |     - Stremio:
 58 |         icon: stremio
[2026-08-08T01:09:37.799Z] error: <dockerStatusService> Error: connect ECONNREFUSED /var/run/docker.sock
    at PipeConnectWrap.afterConnect [as oncomplete] (node:net:1637:16)
    at PipeConnectWrap.callbackTrampoline (node:internal/async_hooks:130:17)
[2026-08-08T01:09:37.824Z] error: <dockerStatusService> Error: connect ECONNREFUSED /var/run/docker.sock
    at PipeConnectWrap.afterConnect [as oncomplete] (node:net:1637:16)
    at PipeConnectWrap.callbackTrampoline (node:internal/async_hooks:130:17)
[2026-08-08T01:09:37.831Z] error: <dockerStatusService> Error: connect ECONNREFUSED /var/run/docker.sock
    at PipeConnectWrap.afterConnect [as oncomplete] (node:net:1637:16)
    at PipeConnectWrap.callbackTrampoline (node:internal/async_hooks:130:17)
[2026-08-08T01:09:37.844Z] error: <dockerStatusService> Error: connect ECONNREFUSED /var/run/docker.sock
    at PipeConnectWrap.afterConnect [as oncomplete] (node:net:1637:16)
    at PipeConnectWrap.callbackTrampoline (node:internal/async_hooks:130:17)
[2026-08-08T01:09:37.846Z] error: <dockerStatusService> Error: connect ECONNREFUSED /var/run/docker.sock
    at PipeConnectWrap.afterConnect [as oncomplete] (node:net:1637:16)
    at PipeConnectWrap.callbackTrampoline (node:internal/async_hooks:130:17)
[2026-08-08T01:09:37.855Z] error: <service-helpers> Error getting services from Docker server 'podman': Error: connect ECONNREFUSED /var/run/docker.sock
    at ignore-listed frames {
  errno: -111,
  code: 'ECONNREFUSED',
  syscall: 'connect',
  address: '/var/run/docker.sock'
}
[2026-08-08T01:09:37.858Z] error: <dockerStatusService> Error: connect ECONNREFUSED /var/run/docker.sock
    at PipeConnectWrap.afterConnect [as oncomplete] (node:net:1637:16)
    at PipeConnectWrap.callbackTrampoline (node:internal/async_hooks:130:17)
[2026-08-08T01:09:37.860Z] error: <dockerStatusService> Error: connect ECONNREFUSED /var/run/docker.sock
    at PipeConnectWrap.afterConnect [as oncomplete] (node:net:1637:16)
    at PipeConnectWrap.callbackTrampoline (node:internal/async_hooks:130:17)
[2026-08-08T01:09:37.862Z] error: <dockerStatusService> Error: connect ECONNREFUSED /var/run/docker.sock
    at PipeConnectWrap.afterConnect [as oncomplete] (node:net:1637:16)
    at PipeConnectWrap.callbackTrampoline (node:internal/async_hooks:130:17)
[2026-08-08T01:09:37.866Z] error: <dockerStatusService> Error: connect ECONNREFUSED /var/run/docker.sock
    at PipeConnectWrap.afterConnect [as oncomplete] (node:net:1637:16)
    at PipeConnectWrap.callbackTrampoline (node:internal/async_hooks:130:17)
[2026-08-08T01:09:37.868Z] error: <dockerStatusService> Error: connect ECONNREFUSED /var/run/docker.sock
    at PipeConnectWrap.afterConnect [as oncomplete] (node:net:1637:16)
    at PipeConnectWrap.callbackTrampoline (node:internal/async_hooks:130:17)
[2026-08-08T01:09:37.870Z] error: <dockerStatusService> Error: connect ECONNREFUSED /var/run/docker.sock
    at PipeConnectWrap.afterConnect [as oncomplete] (node:net:1637:16)
    at PipeConnectWrap.callbackTrampoline (node:internal/async_hooks:130:17)
[2026-08-08T01:09:37.873Z] error: <dockerStatusService> Error: connect ECONNREFUSED /var/run/docker.sock
    at PipeConnectWrap.afterConnect [as oncomplete] (node:net:1637:16)
    at PipeConnectWrap.callbackTrampoline (node:internal/async_hooks:130:17)
[2026-08-08T01:09:37.876Z] error: <dockerStatusService> Error: connect ECONNREFUSED /var/run/docker.sock
    at PipeConnectWrap.afterConnect [as oncomplete] (node:net:1637:16)
    at PipeConnectWrap.callbackTrampoline (node:internal/async_hooks:130:17)
[2026-08-08T01:09:37.878Z] error: <dockerStatusService> Error: connect ECONNREFUSED /var/run/docker.sock
    at PipeConnectWrap.afterConnect [as oncomplete] (node:net:1637:16)
    at PipeConnectWrap.callbackTrampoline (node:internal/async_hooks:130:17)
[2026-08-08T01:09:37.880Z] error: <dockerStatusService> Error: connect ECONNREFUSED /var/run/docker.sock
    at PipeConnectWrap.afterConnect [as oncomplete] (node:net:1637:16)
    at PipeConnectWrap.callbackTrampoline (node:internal/async_hooks:130:17)
[2026-08-08T01:09:37.883Z] error: <dockerStatusService> Error: connect ECONNREFUSED /var/run/docker.sock
    at PipeConnectWrap.afterConnect [as oncomplete] (node:net:1637:16)
    at PipeConnectWrap.callbackTrampoline (node:internal/async_hooks:130:17)
[2026-08-08T01:11:23.364Z] error: <service-helpers> Error getting services from Docker server 'podman': Error: connect ECONNREFUSED /var/run/docker.sock
    at ignore-listed frames {
  errno: -111,
  code: 'ECONNREFUSED',
  syscall: 'connect',
  address: '/var/run/docker.sock'
}
[2026-08-08T01:11:33.316Z] error: <dockerStatusService> Error: connect ECONNREFUSED /var/run/docker.sock
    at PipeConnectWrap.afterConnect [as oncomplete] (node:net:1637:16)
    at PipeConnectWrap.callbackTrampoline (node:internal/async_hooks:130:17)
[2026-08-08T01:11:33.326Z] error: <service-helpers> Error getting services from Docker server 'podman': Error: connect ECONNREFUSED /var/run/docker.sock
    at ignore-listed frames {
  errno: -111,
  code: 'ECONNREFUSED',
  syscall: 'connect',
  address: '/var/run/docker.sock'
}
[2026-08-08T01:11:33.326Z] error: <dockerStatusService> Error: connect ECONNREFUSED /var/run/docker.sock
    at PipeConnectWrap.afterConnect [as oncomplete] (node:net:1637:16)
    at PipeConnectWrap.callbackTrampoline (node:internal/async_hooks:130:17)
[2026-08-08T01:11:33.330Z] error: <dockerStatusService> Error: connect ECONNREFUSED /var/run/docker.sock
    at PipeConnectWrap.afterConnect [as oncomplete] (node:net:1637:16)
    at PipeConnectWrap.callbackTrampoline (node:internal/async_hooks:130:17)
[2026-08-08T01:11:33.334Z] error: <dockerStatusService> Error: connect ECONNREFUSED /var/run/docker.sock
    at PipeConnectWrap.afterConnect [as oncomplete] (node:net:1637:16)
    at PipeConnectWrap.callbackTrampoline (node:internal/async_hooks:130:17)
[2026-08-08T01:11:33.351Z] error: <dockerStatusService> Error: connect ECONNREFUSED /var/run/docker.sock
    at PipeConnectWrap.afterConnect [as oncomplete] (node:net:1637:16)
    at PipeConnectWrap.callbackTrampoline (node:internal/async_hooks:130:17)
[2026-08-08T01:11:33.354Z] error: <dockerStatusService> Error: connect ECONNREFUSED /var/run/docker.sock
    at PipeConnectWrap.afterConnect [as oncomplete] (node:net:1637:16)
    at PipeConnectWrap.callbackTrampoline (node:internal/async_hooks:130:17)
[2026-08-08T01:11:33.355Z] error: <dockerStatusService> Error: connect ECONNREFUSED /var/run/docker.sock
    at PipeConnectWrap.afterConnect [as oncomplete] (node:net:1637:16)
    at PipeConnectWrap.callbackTrampoline (node:internal/async_hooks:130:17)
[2026-08-08T01:11:33.357Z] error: <dockerStatusService> Error: connect ECONNREFUSED /var/run/docker.sock
    at PipeConnectWrap.afterConnect [as oncomplete] (node:net:1637:16)
    at PipeConnectWrap.callbackTrampoline (node:internal/async_hooks:130:17)
[2026-08-08T01:11:33.376Z] error: <dockerStatusService> Error: connect ECONNREFUSED /var/run/docker.sock
    at PipeConnectWrap.afterConnect [as oncomplete] (node:net:1637:16)
    at PipeConnectWrap.callbackTrampoline (node:internal/async_hooks:130:17)
[2026-08-08T01:11:33.382Z] error: <dockerStatusService> Error: connect ECONNREFUSED /var/run/docker.sock
    at PipeConnectWrap.afterConnect [as oncomplete] (node:net:1637:16)
    at PipeConnectWrap.callbackTrampoline (node:internal/async_hooks:130:17)
[2026-08-08T01:11:33.382Z] error: <dockerStatusService> Error: connect ECONNREFUSED /var/run/docker.sock
    at PipeConnectWrap.afterConnect [as oncomplete] (node:net:1637:16)
    at PipeConnectWrap.callbackTrampoline (node:internal/async_hooks:130:17)
[2026-08-08T01:11:33.383Z] error: <dockerStatusService> Error: connect ECONNREFUSED /var/run/docker.sock
    at PipeConnectWrap.afterConnect [as oncomplete] (node:net:1637:16)
    at PipeConnectWrap.callbackTrampoline (node:internal/async_hooks:130:17)
[2026-08-08T01:11:33.392Z] error: <dockerStatusService> Error: connect ECONNREFUSED /var/run/docker.sock
    at PipeConnectWrap.afterConnect [as oncomplete] (node:net:1637:16)
    at PipeConnectWrap.callbackTrampoline (node:internal/async_hooks:130:17)
[2026-08-08T01:11:33.393Z] error: <dockerStatusService> Error: connect ECONNREFUSED /var/run/docker.sock
    at PipeConnectWrap.afterConnect [as oncomplete] (node:net:1637:16)
    at PipeConnectWrap.callbackTrampoline (node:internal/async_hooks:130:17)
[2026-08-08T01:11:33.396Z] error: <dockerStatusService> Error: connect ECONNREFUSED /var/run/docker.sock
    at PipeConnectWrap.afterConnect [as oncomplete] (node:net:1637:16)
    at PipeConnectWrap.callbackTrampoline (node:internal/async_hooks:130:17)
[2026-08-08T01:11:33.397Z] error: <dockerStatusService> Error: connect ECONNREFUSED /var/run/docker.sock
    at PipeConnectWrap.afterConnect [as oncomplete] (node:net:1637:16)
    at PipeConnectWrap.callbackTrampoline (node:internal/async_hooks:130:17)
[2026-08-08T01:22:27.288Z] error: <dockerStatusService> Error: connect ECONNREFUSED /var/run/docker.sock
    at PipeConnectWrap.afterConnect [as oncomplete] (node:net:1637:16)
    at PipeConnectWrap.callbackTrampoline (node:internal/async_hooks:130:17)
[2026-08-08T01:22:27.288Z] error: <dockerStatusService> Error: connect ECONNREFUSED /var/run/docker.sock
    at PipeConnectWrap.afterConnect [as oncomplete] (node:net:1637:16)
    at PipeConnectWrap.callbackTrampoline (node:internal/async_hooks:130:17)
[2026-08-08T01:22:27.292Z] error: <dockerStatusService> Error: connect ECONNREFUSED /var/run/docker.sock
    at PipeConnectWrap.afterConnect [as oncomplete] (node:net:1637:16)
    at PipeConnectWrap.callbackTrampoline (node:internal/async_hooks:130:17)
[2026-08-08T01:22:27.293Z] error: <dockerStatusService> Error: connect ECONNREFUSED /var/run/docker.sock
    at PipeConnectWrap.afterConnect [as oncomplete] (node:net:1637:16)
    at PipeConnectWrap.callbackTrampoline (node:internal/async_hooks:130:17)
[2026-08-08T01:22:27.300Z] error: <dockerStatusService> Error: connect ECONNREFUSED /var/run/docker.sock
    at PipeConnectWrap.afterConnect [as oncomplete] (node:net:1637:16)
    at PipeConnectWrap.callbackTrampoline (node:internal/async_hooks:130:17)
[2026-08-08T01:22:27.302Z] error: <dockerStatusService> Error: connect ECONNREFUSED /var/run/docker.sock
    at PipeConnectWrap.afterConnect [as oncomplete] (node:net:1637:16)
    at PipeConnectWrap.callbackTrampoline (node:internal/async_hooks:130:17)
[2026-08-08T01:22:27.305Z] error: <dockerStatusService> Error: connect ECONNREFUSED /var/run/docker.sock
    at PipeConnectWrap.afterConnect [as oncomplete] (node:net:1637:16)
    at PipeConnectWrap.callbackTrampoline (node:internal/async_hooks:130:17)
[2026-08-08T01:22:27.309Z] error: <dockerStatusService> Error: connect ECONNREFUSED /var/run/docker.sock
    at PipeConnectWrap.afterConnect [as oncomplete] (node:net:1637:16)
    at PipeConnectWrap.callbackTrampoline (node:internal/async_hooks:130:17)
[2026-08-08T01:22:27.315Z] error: <dockerStatusService> Error: connect ECONNREFUSED /var/run/docker.sock
    at PipeConnectWrap.afterConnect [as oncomplete] (node:net:1637:16)
    at PipeConnectWrap.callbackTrampoline (node:internal/async_hooks:130:17)
[2026-08-08T01:22:27.317Z] error: <dockerStatusService> Error: connect ECONNREFUSED /var/run/docker.sock
    at PipeConnectWrap.afterConnect [as oncomplete] (node:net:1637:16)
    at PipeConnectWrap.callbackTrampoline (node:internal/async_hooks:130:17)
[2026-08-08T01:22:27.324Z] error: <dockerStatusService> Error: connect ECONNREFUSED /var/run/docker.sock
    at PipeConnectWrap.afterConnect [as oncomplete] (node:net:1637:16)
    at PipeConnectWrap.callbackTrampoline (node:internal/async_hooks:130:17)
[2026-08-08T01:22:27.326Z] error: <dockerStatusService> Error: connect ECONNREFUSED /var/run/docker.sock
    at PipeConnectWrap.afterConnect [as oncomplete] (node:net:1637:16)
    at PipeConnectWrap.callbackTrampoline (node:internal/async_hooks:130:17)
[2026-08-08T01:22:27.328Z] error: <dockerStatusService> Error: connect ECONNREFUSED /var/run/docker.sock
    at PipeConnectWrap.afterConnect [as oncomplete] (node:net:1637:16)
    at PipeConnectWrap.callbackTrampoline (node:internal/async_hooks:130:17)
[2026-08-08T01:22:27.333Z] error: <dockerStatusService> Error: connect ECONNREFUSED /var/run/docker.sock
    at PipeConnectWrap.afterConnect [as oncomplete] (node:net:1637:16)
    at PipeConnectWrap.callbackTrampoline (node:internal/async_hooks:130:17)
[2026-08-08T01:22:27.335Z] error: <dockerStatusService> Error: connect ECONNREFUSED /var/run/docker.sock
    at PipeConnectWrap.afterConnect [as oncomplete] (node:net:1637:16)
    at PipeConnectWrap.callbackTrampoline (node:internal/async_hooks:130:17)
[2026-08-08T01:22:27.338Z] error: <dockerStatusService> Error: connect ECONNREFUSED /var/run/docker.sock
    at PipeConnectWrap.afterConnect [as oncomplete] (node:net:1637:16)
    at PipeConnectWrap.callbackTrampoline (node:internal/async_hooks:130:17)
[2026-08-08T01:22:27.383Z] error: <service-helpers> Error getting services from Docker server 'podman': Error: connect ECONNREFUSED /var/run/docker.sock
    at ignore-listed frames {
  errno: -111,
  code: 'ECONNREFUSED',
  syscall: 'connect',
  address: '/var/run/docker.sock'
}
[2026-08-08T01:22:33.758Z] error: <dockerStatusService> Error: connect ECONNREFUSED /var/run/docker.sock
    at PipeConnectWrap.afterConnect [as oncomplete] (node:net:1637:16)
    at PipeConnectWrap.callbackTrampoline (node:internal/async_hooks:130:17)
[2026-08-08T01:22:33.758Z] error: <dockerStatusService> Error: connect ECONNREFUSED /var/run/docker.sock
    at PipeConnectWrap.afterConnect [as oncomplete] (node:net:1637:16)
    at PipeConnectWrap.callbackTrampoline (node:internal/async_hooks:130:17)
[2026-08-08T01:22:33.762Z] error: <dockerStatusService> Error: connect ECONNREFUSED /var/run/docker.sock
    at PipeConnectWrap.afterConnect [as oncomplete] (node:net:1637:16)
    at PipeConnectWrap.callbackTrampoline (node:internal/async_hooks:130:17)
[2026-08-08T01:22:33.766Z] error: <dockerStatusService> Error: connect ECONNREFUSED /var/run/docker.sock
    at PipeConnectWrap.afterConnect [as oncomplete] (node:net:1637:16)
    at PipeConnectWrap.callbackTrampoline (node:internal/async_hooks:130:17)
[2026-08-08T01:22:33.768Z] error: <dockerStatusService> Error: connect ECONNREFUSED /var/run/docker.sock
    at PipeConnectWrap.afterConnect [as oncomplete] (node:net:1637:16)
    at PipeConnectWrap.callbackTrampoline (node:internal/async_hooks:130:17)
[2026-08-08T01:22:33.771Z] error: <dockerStatusService> Error: connect ECONNREFUSED /var/run/docker.sock
    at PipeConnectWrap.afterConnect [as oncomplete] (node:net:1637:16)
    at PipeConnectWrap.callbackTrampoline (node:internal/async_hooks:130:17)
[2026-08-08T01:22:33.774Z] error: <dockerStatusService> Error: connect ECONNREFUSED /var/run/docker.sock
    at PipeConnectWrap.afterConnect [as oncomplete] (node:net:1637:16)
    at PipeConnectWrap.callbackTrampoline (node:internal/async_hooks:130:17)
[2026-08-08T01:22:33.776Z] error: <dockerStatusService> Error: connect ECONNREFUSED /var/run/docker.sock
    at PipeConnectWrap.afterConnect [as oncomplete] (node:net:1637:16)
    at PipeConnectWrap.callbackTrampoline (node:internal/async_hooks:130:17)
[2026-08-08T01:22:33.778Z] error: <dockerStatusService> Error: connect ECONNREFUSED /var/run/docker.sock
    at PipeConnectWrap.afterConnect [as oncomplete] (node:net:1637:16)
    at PipeConnectWrap.callbackTrampoline (node:internal/async_hooks:130:17)
[2026-08-08T01:22:33.783Z] error: <dockerStatusService> Error: connect ECONNREFUSED /var/run/docker.sock
    at PipeConnectWrap.afterConnect [as oncomplete] (node:net:1637:16)
    at PipeConnectWrap.callbackTrampoline (node:internal/async_hooks:130:17)
[2026-08-08T01:22:33.803Z] error: <dockerStatusService> Error: connect ECONNREFUSED /var/run/docker.sock
    at PipeConnectWrap.afterConnect [as oncomplete] (node:net:1637:16)
    at PipeConnectWrap.callbackTrampoline (node:internal/async_hooks:130:17)
[2026-08-08T01:22:33.807Z] error: <dockerStatusService> Error: connect ECONNREFUSED /var/run/docker.sock
    at PipeConnectWrap.afterConnect [as oncomplete] (node:net:1637:16)
    at PipeConnectWrap.callbackTrampoline (node:internal/async_hooks:130:17)
[2026-08-08T01:22:33.812Z] error: <dockerStatusService> Error: connect ECONNREFUSED /var/run/docker.sock
    at PipeConnectWrap.afterConnect [as oncomplete] (node:net:1637:16)
    at PipeConnectWrap.callbackTrampoline (node:internal/async_hooks:130:17)
[2026-08-08T01:22:33.816Z] error: <dockerStatusService> Error: connect ECONNREFUSED /var/run/docker.sock
    at PipeConnectWrap.afterConnect [as oncomplete] (node:net:1637:16)
    at PipeConnectWrap.callbackTrampoline (node:internal/async_hooks:130:17)
[2026-08-08T01:22:33.819Z] error: <dockerStatusService> Error: connect ECONNREFUSED /var/run/docker.sock
    at PipeConnectWrap.afterConnect [as oncomplete] (node:net:1637:16)
    at PipeConnectWrap.callbackTrampoline (node:internal/async_hooks:130:17)
[2026-08-08T01:22:33.829Z] error: <dockerStatusService> Error: connect ECONNREFUSED /var/run/docker.sock
    at PipeConnectWrap.afterConnect [as oncomplete] (node:net:1637:16)
    at PipeConnectWrap.callbackTrampoline (node:internal/async_hooks:130:17)
[2026-08-08T01:22:33.842Z] error: <service-helpers> Error getting services from Docker server 'podman': Error: connect ECONNREFUSED /var/run/docker.sock
    at ignore-listed frames {
  errno: -111,
  code: 'ECONNREFUSED',
  syscall: 'connect',
  address: '/var/run/docker.sock'
}
[2026-08-08T01:22:39.145Z] error: <dockerStatusService> Error: connect ECONNREFUSED /var/run/docker.sock
    at PipeConnectWrap.afterConnect [as oncomplete] (node:net:1637:16)
    at PipeConnectWrap.callbackTrampoline (node:internal/async_hooks:130:17)
[2026-08-08T01:22:39.146Z] error: <dockerStatusService> Error: connect ECONNREFUSED /var/run/docker.sock
    at PipeConnectWrap.afterConnect [as oncomplete] (node:net:1637:16)
    at PipeConnectWrap.callbackTrampoline (node:internal/async_hooks:130:17)
[2026-08-08T01:22:39.199Z] error: <dockerStatusService> Error: connect ECONNREFUSED /var/run/docker.sock
    at PipeConnectWrap.afterConnect [as oncomplete] (node:net:1637:16)
    at PipeConnectWrap.callbackTrampoline (node:internal/async_hooks:130:17)
[2026-08-08T01:22:39.199Z] error: <dockerStatusService> Error: connect ECONNREFUSED /var/run/docker.sock
    at PipeConnectWrap.afterConnect [as oncomplete] (node:net:1637:16)
    at PipeConnectWrap.callbackTrampoline (node:internal/async_hooks:130:17)
[2026-08-08T01:22:39.200Z] error: <dockerStatusService> Error: connect ECONNREFUSED /var/run/docker.sock
    at PipeConnectWrap.afterConnect [as oncomplete] (node:net:1637:16)
    at PipeConnectWrap.callbackTrampoline (node:internal/async_hooks:130:17)
[2026-08-08T01:22:39.200Z] error: <dockerStatusService> Error: connect ECONNREFUSED /var/run/docker.sock
    at PipeConnectWrap.afterConnect [as oncomplete] (node:net:1637:16)
    at PipeConnectWrap.callbackTrampoline (node:internal/async_hooks:130:17)
[2026-08-08T01:22:39.200Z] error: <dockerStatusService> Error: connect ECONNREFUSED /var/run/docker.sock
    at PipeConnectWrap.afterConnect [as oncomplete] (node:net:1637:16)
    at PipeConnectWrap.callbackTrampoline (node:internal/async_hooks:130:17)
[2026-08-08T01:22:39.200Z] error: <dockerStatusService> Error: connect ECONNREFUSED /var/run/docker.sock
    at PipeConnectWrap.afterConnect [as oncomplete] (node:net:1637:16)
    at PipeConnectWrap.callbackTrampoline (node:internal/async_hooks:130:17)
[2026-08-08T01:22:39.201Z] error: <dockerStatusService> Error: connect ECONNREFUSED /var/run/docker.sock
    at PipeConnectWrap.afterConnect [as oncomplete] (node:net:1637:16)
    at PipeConnectWrap.callbackTrampoline (node:internal/async_hooks:130:17)
[2026-08-08T01:22:39.201Z] error: <dockerStatusService> Error: connect ECONNREFUSED /var/run/docker.sock
    at PipeConnectWrap.afterConnect [as oncomplete] (node:net:1637:16)
    at PipeConnectWrap.callbackTrampoline (node:internal/async_hooks:130:17)
[2026-08-08T01:22:39.201Z] error: <dockerStatusService> Error: connect ECONNREFUSED /var/run/docker.sock
    at PipeConnectWrap.afterConnect [as oncomplete] (node:net:1637:16)
    at PipeConnectWrap.callbackTrampoline (node:internal/async_hooks:130:17)
[2026-08-08T01:22:39.201Z] error: <dockerStatusService> Error: connect ECONNREFUSED /var/run/docker.sock
    at PipeConnectWrap.afterConnect [as oncomplete] (node:net:1637:16)
    at PipeConnectWrap.callbackTrampoline (node:internal/async_hooks:130:17)
[2026-08-08T01:22:39.201Z] error: <dockerStatusService> Error: connect ECONNREFUSED /var/run/docker.sock
    at PipeConnectWrap.afterConnect [as oncomplete] (node:net:1637:16)
    at PipeConnectWrap.callbackTrampoline (node:internal/async_hooks:130:17)
[2026-08-08T01:22:39.201Z] error: <dockerStatusService> Error: connect ECONNREFUSED /var/run/docker.sock
    at PipeConnectWrap.afterConnect [as oncomplete] (node:net:1637:16)
    at PipeConnectWrap.callbackTrampoline (node:internal/async_hooks:130:17)
[2026-08-08T01:22:39.202Z] error: <dockerStatusService> Error: connect ECONNREFUSED /var/run/docker.sock
    at PipeConnectWrap.afterConnect [as oncomplete] (node:net:1637:16)
    at PipeConnectWrap.callbackTrampoline (node:internal/async_hooks:130:17)
[2026-08-08T01:22:39.202Z] error: <dockerStatusService> Error: connect ECONNREFUSED /var/run/docker.sock
    at PipeConnectWrap.afterConnect [as oncomplete] (node:net:1637:16)
    at PipeConnectWrap.callbackTrampoline (node:internal/async_hooks:130:17)
[2026-08-08T01:22:39.213Z] error: <service-helpers> Error getting services from Docker server 'podman': Error: connect ECONNREFUSED /var/run/docker.sock
    at ignore-listed frames {
  errno: -111,
  code: 'ECONNREFUSED',
  syscall: 'connect',
  address: '/var/run/docker.sock'
}
[2026-08-08T01:23:51.556Z] error: <dockerStatusService> Error: connect ECONNREFUSED /var/run/docker.sock
    at PipeConnectWrap.afterConnect [as oncomplete] (node:net:1637:16)
    at PipeConnectWrap.callbackTrampoline (node:internal/async_hooks:130:17)
[2026-08-08T01:23:51.557Z] error: <dockerStatusService> Error: connect ECONNREFUSED /var/run/docker.sock
    at PipeConnectWrap.afterConnect [as oncomplete] (node:net:1637:16)
    at PipeConnectWrap.callbackTrampoline (node:internal/async_hooks:130:17)
[2026-08-08T01:23:51.561Z] error: <dockerStatusService> Error: connect ECONNREFUSED /var/run/docker.sock
    at PipeConnectWrap.afterConnect [as oncomplete] (node:net:1637:16)
    at PipeConnectWrap.callbackTrampoline (node:internal/async_hooks:130:17)
[2026-08-08T01:23:51.563Z] error: <dockerStatusService> Error: connect ECONNREFUSED /var/run/docker.sock
    at PipeConnectWrap.afterConnect [as oncomplete] (node:net:1637:16)
    at PipeConnectWrap.callbackTrampoline (node:internal/async_hooks:130:17)
[2026-08-08T01:23:51.565Z] error: <dockerStatusService> Error: connect ECONNREFUSED /var/run/docker.sock
    at PipeConnectWrap.afterConnect [as oncomplete] (node:net:1637:16)
    at PipeConnectWrap.callbackTrampoline (node:internal/async_hooks:130:17)
[2026-08-08T01:23:51.567Z] error: <dockerStatusService> Error: connect ECONNREFUSED /var/run/docker.sock
    at PipeConnectWrap.afterConnect [as oncomplete] (node:net:1637:16)
    at PipeConnectWrap.callbackTrampoline (node:internal/async_hooks:130:17)
[2026-08-08T01:23:51.570Z] error: <dockerStatusService> Error: connect ECONNREFUSED /var/run/docker.sock
    at PipeConnectWrap.afterConnect [as oncomplete] (node:net:1637:16)
    at PipeConnectWrap.callbackTrampoline (node:internal/async_hooks:130:17)
[2026-08-08T01:23:51.572Z] error: <dockerStatusService> Error: connect ECONNREFUSED /var/run/docker.sock
    at PipeConnectWrap.afterConnect [as oncomplete] (node:net:1637:16)
    at PipeConnectWrap.callbackTrampoline (node:internal/async_hooks:130:17)
[2026-08-08T01:23:51.577Z] error: <dockerStatusService> Error: connect ECONNREFUSED /var/run/docker.sock
    at PipeConnectWrap.afterConnect [as oncomplete] (node:net:1637:16)
    at PipeConnectWrap.callbackTrampoline (node:internal/async_hooks:130:17)
[2026-08-08T01:23:51.581Z] error: <dockerStatusService> Error: connect ECONNREFUSED /var/run/docker.sock
    at PipeConnectWrap.afterConnect [as oncomplete] (node:net:1637:16)
    at PipeConnectWrap.callbackTrampoline (node:internal/async_hooks:130:17)
[2026-08-08T01:23:51.584Z] error: <dockerStatusService> Error: connect ECONNREFUSED /var/run/docker.sock
    at PipeConnectWrap.afterConnect [as oncomplete] (node:net:1637:16)
    at PipeConnectWrap.callbackTrampoline (node:internal/async_hooks:130:17)
[2026-08-08T01:23:51.587Z] error: <dockerStatusService> Error: connect ECONNREFUSED /var/run/docker.sock
    at PipeConnectWrap.afterConnect [as oncomplete] (node:net:1637:16)
    at PipeConnectWrap.callbackTrampoline (node:internal/async_hooks:130:17)
[2026-08-08T01:23:51.590Z] error: <dockerStatusService> Error: connect ECONNREFUSED /var/run/docker.sock
    at PipeConnectWrap.afterConnect [as oncomplete] (node:net:1637:16)
    at PipeConnectWrap.callbackTrampoline (node:internal/async_hooks:130:17)
[2026-08-08T01:23:51.597Z] error: <dockerStatusService> Error: connect ECONNREFUSED /var/run/docker.sock
    at PipeConnectWrap.afterConnect [as oncomplete] (node:net:1637:16)
    at PipeConnectWrap.callbackTrampoline (node:internal/async_hooks:130:17)
[2026-08-08T01:23:51.600Z] error: <dockerStatusService> Error: connect ECONNREFUSED /var/run/docker.sock
    at PipeConnectWrap.afterConnect [as oncomplete] (node:net:1637:16)
    at PipeConnectWrap.callbackTrampoline (node:internal/async_hooks:130:17)
[2026-08-08T01:23:51.613Z] error: <service-helpers> Error getting services from Docker server 'podman': Error: connect ECONNREFUSED /var/run/docker.sock
    at ignore-listed frames {
  errno: -111,
  code: 'ECONNREFUSED',
  syscall: 'connect',
  address: '/var/run/docker.sock'
}
[2026-08-08T01:23:51.613Z] error: <dockerStatusService> Error: connect ECONNREFUSED /var/run/docker.sock
    at PipeConnectWrap.afterConnect [as oncomplete] (node:net:1637:16)
    at PipeConnectWrap.callbackTrampoline (node:internal/async_hooks:130:17)
[2026-08-08T01:23:56.607Z] error: <dockerStatusService> Error: connect ECONNREFUSED /var/run/docker.sock
    at PipeConnectWrap.afterConnect [as oncomplete] (node:net:1637:16)
    at PipeConnectWrap.callbackTrampoline (node:internal/async_hooks:130:17)
[2026-08-08T01:23:56.618Z] error: <dockerStatusService> Error: connect ECONNREFUSED /var/run/docker.sock
    at PipeConnectWrap.afterConnect [as oncomplete] (node:net:1637:16)
    at PipeConnectWrap.callbackTrampoline (node:internal/async_hooks:130:17)
[2026-08-08T01:23:56.618Z] error: <dockerStatusService> Error: connect ECONNREFUSED /var/run/docker.sock
    at PipeConnectWrap.afterConnect [as oncomplete] (node:net:1637:16)
    at PipeConnectWrap.callbackTrampoline (node:internal/async_hooks:130:17)
[2026-08-08T01:23:56.618Z] error: <dockerStatusService> Error: connect ECONNREFUSED /var/run/docker.sock
    at PipeConnectWrap.afterConnect [as oncomplete] (node:net:1637:16)
    at PipeConnectWrap.callbackTrampoline (node:internal/async_hooks:130:17)
[2026-08-08T01:23:56.618Z] error: <dockerStatusService> Error: connect ECONNREFUSED /var/run/docker.sock
    at PipeConnectWrap.afterConnect [as oncomplete] (node:net:1637:16)
    at PipeConnectWrap.callbackTrampoline (node:internal/async_hooks:130:17)
[2026-08-08T01:23:56.619Z] error: <dockerStatusService> Error: connect ECONNREFUSED /var/run/docker.sock
    at PipeConnectWrap.afterConnect [as oncomplete] (node:net:1637:16)
    at PipeConnectWrap.callbackTrampoline (node:internal/async_hooks:130:17)
[2026-08-08T01:23:56.647Z] error: <dockerStatusService> Error: connect ECONNREFUSED /var/run/docker.sock
    at PipeConnectWrap.afterConnect [as oncomplete] (node:net:1637:16)
    at PipeConnectWrap.callbackTrampoline (node:internal/async_hooks:130:17)
[2026-08-08T01:23:56.648Z] error: <dockerStatusService> Error: connect ECONNREFUSED /var/run/docker.sock
    at PipeConnectWrap.afterConnect [as oncomplete] (node:net:1637:16)
    at PipeConnectWrap.callbackTrampoline (node:internal/async_hooks:130:17)
[2026-08-08T01:23:56.648Z] error: <dockerStatusService> Error: connect ECONNREFUSED /var/run/docker.sock
    at PipeConnectWrap.afterConnect [as oncomplete] (node:net:1637:16)
    at PipeConnectWrap.callbackTrampoline (node:internal/async_hooks:130:17)
[2026-08-08T01:23:56.648Z] error: <dockerStatusService> Error: connect ECONNREFUSED /var/run/docker.sock
    at PipeConnectWrap.afterConnect [as oncomplete] (node:net:1637:16)
    at PipeConnectWrap.callbackTrampoline (node:internal/async_hooks:130:17)
[2026-08-08T01:23:56.649Z] error: <dockerStatusService> Error: connect ECONNREFUSED /var/run/docker.sock
    at PipeConnectWrap.afterConnect [as oncomplete] (node:net:1637:16)
    at PipeConnectWrap.callbackTrampoline (node:internal/async_hooks:130:17)
[2026-08-08T01:23:56.649Z] error: <dockerStatusService> Error: connect ECONNREFUSED /var/run/docker.sock
    at PipeConnectWrap.afterConnect [as oncomplete] (node:net:1637:16)
    at PipeConnectWrap.callbackTrampoline (node:internal/async_hooks:130:17)
[2026-08-08T01:23:56.649Z] error: <dockerStatusService> Error: connect ECONNREFUSED /var/run/docker.sock
    at PipeConnectWrap.afterConnect [as oncomplete] (node:net:1637:16)
    at PipeConnectWrap.callbackTrampoline (node:internal/async_hooks:130:17)
[2026-08-08T01:23:56.649Z] error: <dockerStatusService> Error: connect ECONNREFUSED /var/run/docker.sock
    at PipeConnectWrap.afterConnect [as oncomplete] (node:net:1637:16)
    at PipeConnectWrap.callbackTrampoline (node:internal/async_hooks:130:17)
[2026-08-08T01:23:56.649Z] error: <dockerStatusService> Error: connect ECONNREFUSED /var/run/docker.sock
    at PipeConnectWrap.afterConnect [as oncomplete] (node:net:1637:16)
    at PipeConnectWrap.callbackTrampoline (node:internal/async_hooks:130:17)
[2026-08-08T01:23:56.657Z] error: <dockerStatusService> Error: connect ECONNREFUSED /var/run/docker.sock
    at PipeConnectWrap.afterConnect [as oncomplete] (node:net:1637:16)
    at PipeConnectWrap.callbackTrampoline (node:internal/async_hooks:130:17)
[2026-08-08T01:23:56.671Z] error: <service-helpers> Error getting services from Docker server 'podman': Error: connect ECONNREFUSED /var/run/docker.sock
    at ignore-listed frames {
  errno: -111,
  code: 'ECONNREFUSED',
  syscall: 'connect',
  address: '/var/run/docker.sock'
}
[2026-08-08T01:24:02.184Z] error: <dockerStatusService> Error: connect ECONNREFUSED /var/run/docker.sock
    at PipeConnectWrap.afterConnect [as oncomplete] (node:net:1637:16)
    at PipeConnectWrap.callbackTrampoline (node:internal/async_hooks:130:17)
[2026-08-08T01:24:02.244Z] error: <dockerStatusService> Error: connect ECONNREFUSED /var/run/docker.sock
    at PipeConnectWrap.afterConnect [as oncomplete] (node:net:1637:16)
    at PipeConnectWrap.callbackTrampoline (node:internal/async_hooks:130:17)
[2026-08-08T01:24:02.244Z] error: <dockerStatusService> Error: connect ECONNREFUSED /var/run/docker.sock
    at PipeConnectWrap.afterConnect [as oncomplete] (node:net:1637:16)
    at PipeConnectWrap.callbackTrampoline (node:internal/async_hooks:130:17)
[2026-08-08T01:24:02.245Z] error: <dockerStatusService> Error: connect ECONNREFUSED /var/run/docker.sock
    at PipeConnectWrap.afterConnect [as oncomplete] (node:net:1637:16)
    at PipeConnectWrap.callbackTrampoline (node:internal/async_hooks:130:17)
[2026-08-08T01:24:02.245Z] error: <dockerStatusService> Error: connect ECONNREFUSED /var/run/docker.sock
    at PipeConnectWrap.afterConnect [as oncomplete] (node:net:1637:16)
    at PipeConnectWrap.callbackTrampoline (node:internal/async_hooks:130:17)
[2026-08-08T01:24:02.245Z] error: <dockerStatusService> Error: connect ECONNREFUSED /var/run/docker.sock
    at PipeConnectWrap.afterConnect [as oncomplete] (node:net:1637:16)
    at PipeConnectWrap.callbackTrampoline (node:internal/async_hooks:130:17)
[2026-08-08T01:24:02.245Z] error: <dockerStatusService> Error: connect ECONNREFUSED /var/run/docker.sock
    at PipeConnectWrap.afterConnect [as oncomplete] (node:net:1637:16)
    at PipeConnectWrap.callbackTrampoline (node:internal/async_hooks:130:17)
[2026-08-08T01:24:02.246Z] error: <dockerStatusService> Error: connect ECONNREFUSED /var/run/docker.sock
    at PipeConnectWrap.afterConnect [as oncomplete] (node:net:1637:16)
    at PipeConnectWrap.callbackTrampoline (node:internal/async_hooks:130:17)
[2026-08-08T01:24:02.246Z] error: <dockerStatusService> Error: connect ECONNREFUSED /var/run/docker.sock
    at PipeConnectWrap.afterConnect [as oncomplete] (node:net:1637:16)
    at PipeConnectWrap.callbackTrampoline (node:internal/async_hooks:130:17)
[2026-08-08T01:24:02.246Z] error: <dockerStatusService> Error: connect ECONNREFUSED /var/run/docker.sock
    at PipeConnectWrap.afterConnect [as oncomplete] (node:net:1637:16)
    at PipeConnectWrap.callbackTrampoline (node:internal/async_hooks:130:17)
[2026-08-08T01:24:02.246Z] error: <dockerStatusService> Error: connect ECONNREFUSED /var/run/docker.sock
    at PipeConnectWrap.afterConnect [as oncomplete] (node:net:1637:16)
    at PipeConnectWrap.callbackTrampoline (node:internal/async_hooks:130:17)
[2026-08-08T01:24:02.246Z] error: <dockerStatusService> Error: connect ECONNREFUSED /var/run/docker.sock
    at PipeConnectWrap.afterConnect [as oncomplete] (node:net:1637:16)
    at PipeConnectWrap.callbackTrampoline (node:internal/async_hooks:130:17)
[2026-08-08T01:24:02.247Z] error: <dockerStatusService> Error: connect ECONNREFUSED /var/run/docker.sock
    at PipeConnectWrap.afterConnect [as oncomplete] (node:net:1637:16)
    at PipeConnectWrap.callbackTrampoline (node:internal/async_hooks:130:17)
[2026-08-08T01:24:02.247Z] error: <dockerStatusService> Error: connect ECONNREFUSED /var/run/docker.sock
    at PipeConnectWrap.afterConnect [as oncomplete] (node:net:1637:16)
    at PipeConnectWrap.callbackTrampoline (node:internal/async_hooks:130:17)
[2026-08-08T01:24:02.247Z] error: <dockerStatusService> Error: connect ECONNREFUSED /var/run/docker.sock
    at PipeConnectWrap.afterConnect [as oncomplete] (node:net:1637:16)
    at PipeConnectWrap.callbackTrampoline (node:internal/async_hooks:130:17)
[2026-08-08T01:24:02.263Z] error: <dockerStatusService> Error: connect ECONNREFUSED /var/run/docker.sock
    at PipeConnectWrap.afterConnect [as oncomplete] (node:net:1637:16)
    at PipeConnectWrap.callbackTrampoline (node:internal/async_hooks:130:17)
[2026-08-08T01:24:02.269Z] error: <service-helpers> Error getting services from Docker server 'podman': Error: connect ECONNREFUSED /var/run/docker.sock
    at ignore-listed frames {
  errno: -111,
  code: 'ECONNREFUSED',
  syscall: 'connect',
  address: '/var/run/docker.sock'
}
[2026-08-08T01:25:18.891Z] error: <dockerStatusService> Error: connect ECONNREFUSED /var/run/docker.sock
    at PipeConnectWrap.afterConnect [as oncomplete] (node:net:1637:16)
    at PipeConnectWrap.callbackTrampoline (node:internal/async_hooks:130:17)
[2026-08-08T01:25:18.895Z] error: <dockerStatusService> Error: connect ECONNREFUSED /var/run/docker.sock
    at PipeConnectWrap.afterConnect [as oncomplete] (node:net:1637:16)
    at PipeConnectWrap.callbackTrampoline (node:internal/async_hooks:130:17)
[2026-08-08T01:25:18.897Z] error: <dockerStatusService> Error: connect ECONNREFUSED /var/run/docker.sock
    at PipeConnectWrap.afterConnect [as oncomplete] (node:net:1637:16)
    at PipeConnectWrap.callbackTrampoline (node:internal/async_hooks:130:17)
[2026-08-08T01:25:18.900Z] error: <dockerStatusService> Error: connect ECONNREFUSED /var/run/docker.sock
    at PipeConnectWrap.afterConnect [as oncomplete] (node:net:1637:16)
    at PipeConnectWrap.callbackTrampoline (node:internal/async_hooks:130:17)
[2026-08-08T01:25:18.902Z] error: <dockerStatusService> Error: connect ECONNREFUSED /var/run/docker.sock
    at PipeConnectWrap.afterConnect [as oncomplete] (node:net:1637:16)
    at PipeConnectWrap.callbackTrampoline (node:internal/async_hooks:130:17)
[2026-08-08T01:25:18.907Z] error: <dockerStatusService> Error: connect ECONNREFUSED /var/run/docker.sock
    at PipeConnectWrap.afterConnect [as oncomplete] (node:net:1637:16)
    at PipeConnectWrap.callbackTrampoline (node:internal/async_hooks:130:17)
[2026-08-08T01:25:18.909Z] error: <dockerStatusService> Error: connect ECONNREFUSED /var/run/docker.sock
    at PipeConnectWrap.afterConnect [as oncomplete] (node:net:1637:16)
    at PipeConnectWrap.callbackTrampoline (node:internal/async_hooks:130:17)
[2026-08-08T01:25:18.912Z] error: <dockerStatusService> Error: connect ECONNREFUSED /var/run/docker.sock
    at PipeConnectWrap.afterConnect [as oncomplete] (node:net:1637:16)
    at PipeConnectWrap.callbackTrampoline (node:internal/async_hooks:130:17)
[2026-08-08T01:25:18.914Z] error: <dockerStatusService> Error: connect ECONNREFUSED /var/run/docker.sock
    at PipeConnectWrap.afterConnect [as oncomplete] (node:net:1637:16)
    at PipeConnectWrap.callbackTrampoline (node:internal/async_hooks:130:17)
[2026-08-08T01:25:18.917Z] error: <dockerStatusService> Error: connect ECONNREFUSED /var/run/docker.sock
    at PipeConnectWrap.afterConnect [as oncomplete] (node:net:1637:16)
    at PipeConnectWrap.callbackTrampoline (node:internal/async_hooks:130:17)
[2026-08-08T01:25:18.919Z] error: <dockerStatusService> Error: connect ECONNREFUSED /var/run/docker.sock
    at PipeConnectWrap.afterConnect [as oncomplete] (node:net:1637:16)
    at PipeConnectWrap.callbackTrampoline (node:internal/async_hooks:130:17)
[2026-08-08T01:25:18.922Z] error: <dockerStatusService> Error: connect ECONNREFUSED /var/run/docker.sock
    at PipeConnectWrap.afterConnect [as oncomplete] (node:net:1637:16)
    at PipeConnectWrap.callbackTrampoline (node:internal/async_hooks:130:17)
[2026-08-08T01:25:18.925Z] error: <dockerStatusService> Error: connect ECONNREFUSED /var/run/docker.sock
    at PipeConnectWrap.afterConnect [as oncomplete] (node:net:1637:16)
    at PipeConnectWrap.callbackTrampoline (node:internal/async_hooks:130:17)
[2026-08-08T01:25:18.934Z] error: <dockerStatusService> Error: connect ECONNREFUSED /var/run/docker.sock
    at PipeConnectWrap.afterConnect [as oncomplete] (node:net:1637:16)
    at PipeConnectWrap.callbackTrampoline (node:internal/async_hooks:130:17)
[2026-08-08T01:25:18.940Z] error: <service-helpers> Error getting services from Docker server 'podman': Error: connect ECONNREFUSED /var/run/docker.sock
    at ignore-listed frames {
  errno: -111,
  code: 'ECONNREFUSED',
  syscall: 'connect',
  address: '/var/run/docker.sock'
}
[2026-08-08T01:25:18.942Z] error: <dockerStatusService> Error: connect ECONNREFUSED /var/run/docker.sock
    at PipeConnectWrap.afterConnect [as oncomplete] (node:net:1637:16)
    at PipeConnectWrap.callbackTrampoline (node:internal/async_hooks:130:17)
[2026-08-08T01:25:18.946Z] error: <dockerStatusService> Error: connect ECONNREFUSED /var/run/docker.sock
    at PipeConnectWrap.afterConnect [as oncomplete] (node:net:1637:16)
    at PipeConnectWrap.callbackTrampoline (node:internal/async_hooks:130:17)
[2026-08-08T07:18:35.652Z] error: <httpProxy> Error calling https://api.open-meteo.com/v1/forecast...
[2026-08-08T07:18:35.658Z] error: <httpProxy> [
  500,
  Error: read ECONNRESET
      at ignore-listed frames {
    errno: -104,
    code: 'ECONNRESET',
    syscall: 'read'
  }
]
[2026-08-17T16:26:26.502Z] error: <dockerStatusService> Error: connect ECONNREFUSED /var/run/docker.sock
    at PipeConnectWrap.afterConnect [as oncomplete] (node:net:1638:16)
    at PipeConnectWrap.callbackTrampoline (node:internal/async_hooks:130:17)
[2026-08-17T16:26:26.510Z] error: <dockerStatusService> Error: connect ECONNREFUSED /var/run/docker.sock
    at PipeConnectWrap.afterConnect [as oncomplete] (node:net:1638:16)
    at PipeConnectWrap.callbackTrampoline (node:internal/async_hooks:130:17)
[2026-08-17T16:26:26.534Z] error: <dockerStatusService> Error: connect ECONNREFUSED /var/run/docker.sock
    at PipeConnectWrap.afterConnect [as oncomplete] (node:net:1638:16)
    at PipeConnectWrap.callbackTrampoline (node:internal/async_hooks:130:17)
[2026-08-17T16:26:26.543Z] error: <dockerStatusService> Error: connect ECONNREFUSED /var/run/docker.sock
    at PipeConnectWrap.afterConnect [as oncomplete] (node:net:1638:16)
    at PipeConnectWrap.callbackTrampoline (node:internal/async_hooks:130:17)
[2026-08-17T16:26:26.570Z] error: <dockerStatusService> Error: connect ECONNREFUSED /var/run/docker.sock
    at PipeConnectWrap.afterConnect [as oncomplete] (node:net:1638:16)
    at PipeConnectWrap.callbackTrampoline (node:internal/async_hooks:130:17)
[2026-08-17T16:26:26.590Z] error: <dockerStatusService> Error: connect ECONNREFUSED /var/run/docker.sock
    at PipeConnectWrap.afterConnect [as oncomplete] (node:net:1638:16)
    at PipeConnectWrap.callbackTrampoline (node:internal/async_hooks:130:17)
[2026-08-17T16:26:26.601Z] error: <dockerStatusService> Error: connect ECONNREFUSED /var/run/docker.sock
    at PipeConnectWrap.afterConnect [as oncomplete] (node:net:1638:16)
    at PipeConnectWrap.callbackTrampoline (node:internal/async_hooks:130:17)
[2026-08-17T16:26:26.617Z] error: <service-helpers> Error getting services from Docker server 'podman': Error: connect ECONNREFUSED /var/run/docker.sock
    at ignore-listed frames {
  errno: -111,
  code: 'ECONNREFUSED',
  syscall: 'connect',
  address: '/var/run/docker.sock'
}
[2026-08-17T16:26:26.629Z] error: <dockerStatusService> Error: connect ECONNREFUSED /var/run/docker.sock
    at PipeConnectWrap.afterConnect [as oncomplete] (node:net:1638:16)
    at PipeConnectWrap.callbackTrampoline (node:internal/async_hooks:130:17)
[2026-08-17T16:26:26.643Z] error: <dockerStatusService> Error: connect ECONNREFUSED /var/run/docker.sock
    at PipeConnectWrap.afterConnect [as oncomplete] (node:net:1638:16)
    at PipeConnectWrap.callbackTrampoline (node:internal/async_hooks:130:17)
[2026-08-17T16:26:26.647Z] error: <dockerStatusService> Error: connect ECONNREFUSED /var/run/docker.sock
    at PipeConnectWrap.afterConnect [as oncomplete] (node:net:1638:16)
    at PipeConnectWrap.callbackTrampoline (node:internal/async_hooks:130:17)
[2026-08-17T16:26:26.653Z] error: <service-helpers> Error getting services from Docker server 'podman': Error: connect ECONNREFUSED /var/run/docker.sock
    at ignore-listed frames {
  errno: -111,
  code: 'ECONNREFUSED',
  syscall: 'connect',
  address: '/var/run/docker.sock'
}
[2026-08-17T16:26:26.654Z] error: <dockerStatusService> Error: connect ECONNREFUSED /var/run/docker.sock
    at PipeConnectWrap.afterConnect [as oncomplete] (node:net:1638:16)
    at PipeConnectWrap.callbackTrampoline (node:internal/async_hooks:130:17)
[2026-08-17T16:26:26.656Z] error: <dockerStatusService> Error: connect ECONNREFUSED /var/run/docker.sock
    at PipeConnectWrap.afterConnect [as oncomplete] (node:net:1638:16)
    at PipeConnectWrap.callbackTrampoline (node:internal/async_hooks:130:17)
[2026-08-17T16:26:26.659Z] error: <dockerStatusService> Error: connect ECONNREFUSED /var/run/docker.sock
    at PipeConnectWrap.afterConnect [as oncomplete] (node:net:1638:16)
    at PipeConnectWrap.callbackTrampoline (node:internal/async_hooks:130:17)
[2026-08-17T16:26:26.955Z] error: <dockerStatusService> Error: connect ECONNREFUSED /var/run/docker.sock
    at PipeConnectWrap.afterConnect [as oncomplete] (node:net:1638:16)
    at PipeConnectWrap.callbackTrampoline (node:internal/async_hooks:130:17)
[2026-08-17T16:26:26.955Z] error: <dockerStatusService> Error: connect ECONNREFUSED /var/run/docker.sock
    at PipeConnectWrap.afterConnect [as oncomplete] (node:net:1638:16)
    at PipeConnectWrap.callbackTrampoline (node:internal/async_hooks:130:17)
[2026-08-17T16:26:26.956Z] error: <dockerStatusService> Error: connect ECONNREFUSED /var/run/docker.sock
    at PipeConnectWrap.afterConnect [as oncomplete] (node:net:1638:16)
    at PipeConnectWrap.callbackTrampoline (node:internal/async_hooks:130:17)
[2026-08-17T16:26:26.956Z] error: <dockerStatusService> Error: connect ECONNREFUSED /var/run/docker.sock
    at PipeConnectWrap.afterConnect [as oncomplete] (node:net:1638:16)
    at PipeConnectWrap.callbackTrampoline (node:internal/async_hooks:130:17)
[2026-08-17T16:26:26.956Z] error: <dockerStatusService> Error: connect ECONNREFUSED /var/run/docker.sock
    at PipeConnectWrap.afterConnect [as oncomplete] (node:net:1638:16)
    at PipeConnectWrap.callbackTrampoline (node:internal/async_hooks:130:17)
[2026-08-17T16:26:26.957Z] error: <dockerStatusService> Error: connect ECONNREFUSED /var/run/docker.sock
    at PipeConnectWrap.afterConnect [as oncomplete] (node:net:1638:16)
    at PipeConnectWrap.callbackTrampoline (node:internal/async_hooks:130:17)
[2026-08-17T16:26:26.957Z] error: <dockerStatusService> Error: connect ECONNREFUSED /var/run/docker.sock
    at PipeConnectWrap.afterConnect [as oncomplete] (node:net:1638:16)
    at PipeConnectWrap.callbackTrampoline (node:internal/async_hooks:130:17)
[2026-08-17T16:26:26.958Z] error: <dockerStatusService> Error: connect ECONNREFUSED /var/run/docker.sock
    at PipeConnectWrap.afterConnect [as oncomplete] (node:net:1638:16)
    at PipeConnectWrap.callbackTrampoline (node:internal/async_hooks:130:17)
[2026-08-17T16:26:26.958Z] error: <dockerStatusService> Error: connect ECONNREFUSED /var/run/docker.sock
    at PipeConnectWrap.afterConnect [as oncomplete] (node:net:1638:16)
    at PipeConnectWrap.callbackTrampoline (node:internal/async_hooks:130:17)
[2026-08-17T16:26:26.958Z] error: <dockerStatusService> Error: connect ECONNREFUSED /var/run/docker.sock
    at PipeConnectWrap.afterConnect [as oncomplete] (node:net:1638:16)
    at PipeConnectWrap.callbackTrampoline (node:internal/async_hooks:130:17)
[2026-08-17T16:26:26.959Z] error: <dockerStatusService> Error: connect ECONNREFUSED /var/run/docker.sock
    at PipeConnectWrap.afterConnect [as oncomplete] (node:net:1638:16)
    at PipeConnectWrap.callbackTrampoline (node:internal/async_hooks:130:17)
[2026-08-17T16:26:26.959Z] error: <dockerStatusService> Error: connect ECONNREFUSED /var/run/docker.sock
    at PipeConnectWrap.afterConnect [as oncomplete] (node:net:1638:16)
    at PipeConnectWrap.callbackTrampoline (node:internal/async_hooks:130:17)
[2026-08-17T16:26:26.960Z] error: <dockerStatusService> Error: connect ECONNREFUSED /var/run/docker.sock
    at PipeConnectWrap.afterConnect [as oncomplete] (node:net:1638:16)
    at PipeConnectWrap.callbackTrampoline (node:internal/async_hooks:130:17)
[2026-08-17T16:26:26.999Z] error: <service-helpers> Error getting services from Docker server 'podman': Error: connect ECONNREFUSED /var/run/docker.sock
    at ignore-listed frames {
  errno: -111,
  code: 'ECONNREFUSED',
  syscall: 'connect',
  address: '/var/run/docker.sock'
}
[2026-08-17T16:43:31.468Z] error: <dockerStatusService> Error: connect ECONNREFUSED /var/run/docker.sock
    at PipeConnectWrap.afterConnect [as oncomplete] (node:net:1638:16)
    at PipeConnectWrap.callbackTrampoline (node:internal/async_hooks:130:17)
[2026-08-17T16:43:31.473Z] error: <dockerStatusService> Error: connect ECONNREFUSED /var/run/docker.sock
    at PipeConnectWrap.afterConnect [as oncomplete] (node:net:1638:16)
    at PipeConnectWrap.callbackTrampoline (node:internal/async_hooks:130:17)
[2026-08-17T16:43:31.473Z] error: <dockerStatusService> Error: connect ECONNREFUSED /var/run/docker.sock
    at PipeConnectWrap.afterConnect [as oncomplete] (node:net:1638:16)
    at PipeConnectWrap.callbackTrampoline (node:internal/async_hooks:130:17)
[2026-08-17T16:43:31.479Z] error: <dockerStatusService> Error: connect ECONNREFUSED /var/run/docker.sock
    at PipeConnectWrap.afterConnect [as oncomplete] (node:net:1638:16)
    at PipeConnectWrap.callbackTrampoline (node:internal/async_hooks:130:17)
[2026-08-17T16:43:31.482Z] error: <dockerStatusService> Error: connect ECONNREFUSED /var/run/docker.sock
    at PipeConnectWrap.afterConnect [as oncomplete] (node:net:1638:16)
    at PipeConnectWrap.callbackTrampoline (node:internal/async_hooks:130:17)
[2026-08-17T16:43:31.493Z] error: <dockerStatusService> Error: connect ECONNREFUSED /var/run/docker.sock
    at PipeConnectWrap.afterConnect [as oncomplete] (node:net:1638:16)
    at PipeConnectWrap.callbackTrampoline (node:internal/async_hooks:130:17)
[2026-08-17T16:43:31.495Z] error: <dockerStatusService> Error: connect ECONNREFUSED /var/run/docker.sock
    at PipeConnectWrap.afterConnect [as oncomplete] (node:net:1638:16)
    at PipeConnectWrap.callbackTrampoline (node:internal/async_hooks:130:17)
[2026-08-17T16:43:31.498Z] error: <dockerStatusService> Error: connect ECONNREFUSED /var/run/docker.sock
    at PipeConnectWrap.afterConnect [as oncomplete] (node:net:1638:16)
    at PipeConnectWrap.callbackTrampoline (node:internal/async_hooks:130:17)
[2026-08-17T16:43:31.500Z] error: <dockerStatusService> Error: connect ECONNREFUSED /var/run/docker.sock
    at PipeConnectWrap.afterConnect [as oncomplete] (node:net:1638:16)
    at PipeConnectWrap.callbackTrampoline (node:internal/async_hooks:130:17)
[2026-08-17T16:43:31.504Z] error: <service-helpers> Error getting services from Docker server 'podman': Error: connect ECONNREFUSED /var/run/docker.sock
    at ignore-listed frames {
  errno: -111,
  code: 'ECONNREFUSED',
  syscall: 'connect',
  address: '/var/run/docker.sock'
}
[2026-08-17T16:43:31.505Z] error: <dockerStatusService> Error: connect ECONNREFUSED /var/run/docker.sock
    at PipeConnectWrap.afterConnect [as oncomplete] (node:net:1638:16)
    at PipeConnectWrap.callbackTrampoline (node:internal/async_hooks:130:17)
[2026-08-17T16:43:31.515Z] error: <dockerStatusService> Error: connect ECONNREFUSED /var/run/docker.sock
    at PipeConnectWrap.afterConnect [as oncomplete] (node:net:1638:16)
    at PipeConnectWrap.callbackTrampoline (node:internal/async_hooks:130:17)
[2026-08-17T16:43:31.522Z] error: <dockerStatusService> Error: connect ECONNREFUSED /var/run/docker.sock
    at PipeConnectWrap.afterConnect [as oncomplete] (node:net:1638:16)
    at PipeConnectWrap.callbackTrampoline (node:internal/async_hooks:130:17)
[2026-08-17T16:43:31.550Z] error: <dockerStatusService> Error: connect ECONNREFUSED /var/run/docker.sock
    at PipeConnectWrap.afterConnect [as oncomplete] (node:net:1638:16)
    at PipeConnectWrap.callbackTrampoline (node:internal/async_hooks:130:17)
[2026-08-17T17:10:53.345Z] error: <dockerStatusService> Error: connect ECONNREFUSED /var/run/docker.sock
    at PipeConnectWrap.afterConnect [as oncomplete] (node:net:1638:16)
    at PipeConnectWrap.callbackTrampoline (node:internal/async_hooks:130:17)
[2026-08-17T17:10:53.349Z] error: <dockerStatusService> Error: connect ECONNREFUSED /var/run/docker.sock
    at PipeConnectWrap.afterConnect [as oncomplete] (node:net:1638:16)
    at PipeConnectWrap.callbackTrampoline (node:internal/async_hooks:130:17)
[2026-08-17T17:10:53.356Z] error: <dockerStatusService> Error: connect ECONNREFUSED /var/run/docker.sock
    at PipeConnectWrap.afterConnect [as oncomplete] (node:net:1638:16)
    at PipeConnectWrap.callbackTrampoline (node:internal/async_hooks:130:17)
[2026-08-17T17:10:53.359Z] error: <dockerStatusService> Error: connect ECONNREFUSED /var/run/docker.sock
    at PipeConnectWrap.afterConnect [as oncomplete] (node:net:1638:16)
    at PipeConnectWrap.callbackTrampoline (node:internal/async_hooks:130:17)
[2026-08-17T17:10:53.362Z] error: <dockerStatusService> Error: connect ECONNREFUSED /var/run/docker.sock
    at PipeConnectWrap.afterConnect [as oncomplete] (node:net:1638:16)
    at PipeConnectWrap.callbackTrampoline (node:internal/async_hooks:130:17)
[2026-08-17T17:10:53.372Z] error: <dockerStatusService> Error: connect ECONNREFUSED /var/run/docker.sock
    at PipeConnectWrap.afterConnect [as oncomplete] (node:net:1638:16)
    at PipeConnectWrap.callbackTrampoline (node:internal/async_hooks:130:17)
[2026-08-17T17:10:53.376Z] error: <dockerStatusService> Error: connect ECONNREFUSED /var/run/docker.sock
    at PipeConnectWrap.afterConnect [as oncomplete] (node:net:1638:16)
    at PipeConnectWrap.callbackTrampoline (node:internal/async_hooks:130:17)
[2026-08-17T17:10:53.388Z] error: <service-helpers> Error getting services from Docker server 'podman': Error: connect ECONNREFUSED /var/run/docker.sock
    at ignore-listed frames {
  errno: -111,
  code: 'ECONNREFUSED',
  syscall: 'connect',
  address: '/var/run/docker.sock'
}
[2026-08-17T17:10:53.393Z] error: <dockerStatusService> Error: connect ECONNREFUSED /var/run/docker.sock
    at PipeConnectWrap.afterConnect [as oncomplete] (node:net:1638:16)
    at PipeConnectWrap.callbackTrampoline (node:internal/async_hooks:130:17)
[2026-08-17T17:10:53.397Z] error: <dockerStatusService> Error: connect ECONNREFUSED /var/run/docker.sock
    at PipeConnectWrap.afterConnect [as oncomplete] (node:net:1638:16)
    at PipeConnectWrap.callbackTrampoline (node:internal/async_hooks:130:17)
[2026-08-17T17:10:53.400Z] error: <dockerStatusService> Error: connect ECONNREFUSED /var/run/docker.sock
    at PipeConnectWrap.afterConnect [as oncomplete] (node:net:1638:16)
    at PipeConnectWrap.callbackTrampoline (node:internal/async_hooks:130:17)
[2026-08-17T17:10:53.402Z] error: <dockerStatusService> Error: connect ECONNREFUSED /var/run/docker.sock
    at PipeConnectWrap.afterConnect [as oncomplete] (node:net:1638:16)
    at PipeConnectWrap.callbackTrampoline (node:internal/async_hooks:130:17)
[2026-08-17T17:10:53.410Z] error: <dockerStatusService> Error: connect ECONNREFUSED /var/run/docker.sock
    at PipeConnectWrap.afterConnect [as oncomplete] (node:net:1638:16)
    at PipeConnectWrap.callbackTrampoline (node:internal/async_hooks:130:17)
[2026-08-17T17:10:53.412Z] error: <dockerStatusService> Error: connect ECONNREFUSED /var/run/docker.sock
    at PipeConnectWrap.afterConnect [as oncomplete] (node:net:1638:16)
    at PipeConnectWrap.callbackTrampoline (node:internal/async_hooks:130:17)
[2026-08-17T19:01:03.371Z] error: <dockerStatusService> Error: connect ECONNREFUSED /var/run/docker.sock
    at PipeConnectWrap.afterConnect [as oncomplete] (node:net:1638:16)
    at PipeConnectWrap.callbackTrampoline (node:internal/async_hooks:130:17)
[2026-08-17T19:01:03.388Z] error: <dockerStatusService> Error: connect ECONNREFUSED /var/run/docker.sock
    at PipeConnectWrap.afterConnect [as oncomplete] (node:net:1638:16)
    at PipeConnectWrap.callbackTrampoline (node:internal/async_hooks:130:17)
[2026-08-17T19:01:03.440Z] error: <service-helpers> Error getting services from Docker server 'podman': Error: connect ECONNREFUSED /var/run/docker.sock
    at ignore-listed frames {
  errno: -111,
  code: 'ECONNREFUSED',
  syscall: 'connect',
  address: '/var/run/docker.sock'
}
[2026-08-17T19:01:03.465Z] error: <dockerStatusService> Error: connect ECONNREFUSED /var/run/docker.sock
    at PipeConnectWrap.afterConnect [as oncomplete] (node:net:1638:16)
    at PipeConnectWrap.callbackTrampoline (node:internal/async_hooks:130:17)
[2026-08-17T19:01:03.468Z] error: <dockerStatusService> Error: connect ECONNREFUSED /var/run/docker.sock
    at PipeConnectWrap.afterConnect [as oncomplete] (node:net:1638:16)
    at PipeConnectWrap.callbackTrampoline (node:internal/async_hooks:130:17)
[2026-08-17T19:01:03.505Z] error: <dockerStatusService> Error: connect ECONNREFUSED /var/run/docker.sock
    at PipeConnectWrap.afterConnect [as oncomplete] (node:net:1638:16)
    at PipeConnectWrap.callbackTrampoline (node:internal/async_hooks:130:17)
[2026-08-17T19:01:03.509Z] error: <dockerStatusService> Error: connect ECONNREFUSED /var/run/docker.sock
    at PipeConnectWrap.afterConnect [as oncomplete] (node:net:1638:16)
    at PipeConnectWrap.callbackTrampoline (node:internal/async_hooks:130:17)
[2026-08-17T19:01:03.512Z] error: <dockerStatusService> Error: connect ECONNREFUSED /var/run/docker.sock
    at PipeConnectWrap.afterConnect [as oncomplete] (node:net:1638:16)
    at PipeConnectWrap.callbackTrampoline (node:internal/async_hooks:130:17)
[2026-08-17T19:01:03.515Z] error: <dockerStatusService> Error: connect ECONNREFUSED /var/run/docker.sock
    at PipeConnectWrap.afterConnect [as oncomplete] (node:net:1638:16)
    at PipeConnectWrap.callbackTrampoline (node:internal/async_hooks:130:17)
[2026-08-17T19:01:03.532Z] error: <dockerStatusService> Error: connect ECONNREFUSED /var/run/docker.sock
    at PipeConnectWrap.afterConnect [as oncomplete] (node:net:1638:16)
    at PipeConnectWrap.callbackTrampoline (node:internal/async_hooks:130:17)
[2026-08-17T19:01:03.544Z] error: <dockerStatusService> Error: connect ECONNREFUSED /var/run/docker.sock
    at PipeConnectWrap.afterConnect [as oncomplete] (node:net:1638:16)
    at PipeConnectWrap.callbackTrampoline (node:internal/async_hooks:130:17)
[2026-08-17T19:01:03.547Z] error: <dockerStatusService> Error: connect ECONNREFUSED /var/run/docker.sock
    at PipeConnectWrap.afterConnect [as oncomplete] (node:net:1638:16)
    at PipeConnectWrap.callbackTrampoline (node:internal/async_hooks:130:17)
[2026-08-17T19:01:03.559Z] error: <dockerStatusService> Error: connect ECONNREFUSED /var/run/docker.sock
    at PipeConnectWrap.afterConnect [as oncomplete] (node:net:1638:16)
    at PipeConnectWrap.callbackTrampoline (node:internal/async_hooks:130:17)
[2026-08-17T19:01:03.565Z] error: <dockerStatusService> Error: connect ECONNREFUSED /var/run/docker.sock
    at PipeConnectWrap.afterConnect [as oncomplete] (node:net:1638:16)
    at PipeConnectWrap.callbackTrampoline (node:internal/async_hooks:130:17)
[2026-08-18T14:46:42.209Z] error: <dockerStatusService> Error: connect ECONNREFUSED /var/run/docker.sock
    at PipeConnectWrap.afterConnect [as oncomplete] (node:net:1638:16)
    at PipeConnectWrap.callbackTrampoline (node:internal/async_hooks:130:17)
[2026-08-18T14:46:42.241Z] error: <dockerStatusService> Error: connect ECONNREFUSED /var/run/docker.sock
    at PipeConnectWrap.afterConnect [as oncomplete] (node:net:1638:16)
    at PipeConnectWrap.callbackTrampoline (node:internal/async_hooks:130:17)
[2026-08-18T14:46:42.245Z] error: <dockerStatusService> Error: connect ECONNREFUSED /var/run/docker.sock
    at PipeConnectWrap.afterConnect [as oncomplete] (node:net:1638:16)
    at PipeConnectWrap.callbackTrampoline (node:internal/async_hooks:130:17)
[2026-08-18T14:46:42.250Z] error: <dockerStatusService> Error: connect ECONNREFUSED /var/run/docker.sock
    at PipeConnectWrap.afterConnect [as oncomplete] (node:net:1638:16)
    at PipeConnectWrap.callbackTrampoline (node:internal/async_hooks:130:17)
[2026-08-18T14:46:42.252Z] error: <dockerStatusService> Error: connect ECONNREFUSED /var/run/docker.sock
    at PipeConnectWrap.afterConnect [as oncomplete] (node:net:1638:16)
    at PipeConnectWrap.callbackTrampoline (node:internal/async_hooks:130:17)
[2026-08-18T14:46:42.254Z] error: <dockerStatusService> Error: connect ECONNREFUSED /var/run/docker.sock
    at PipeConnectWrap.afterConnect [as oncomplete] (node:net:1638:16)
    at PipeConnectWrap.callbackTrampoline (node:internal/async_hooks:130:17)
[2026-08-18T14:46:42.262Z] error: <dockerStatusService> Error: connect ECONNREFUSED /var/run/docker.sock
    at PipeConnectWrap.afterConnect [as oncomplete] (node:net:1638:16)
    at PipeConnectWrap.callbackTrampoline (node:internal/async_hooks:130:17)
[2026-08-18T14:46:42.266Z] error: <dockerStatusService> Error: connect ECONNREFUSED /var/run/docker.sock
    at PipeConnectWrap.afterConnect [as oncomplete] (node:net:1638:16)
    at PipeConnectWrap.callbackTrampoline (node:internal/async_hooks:130:17)
[2026-08-18T14:46:42.269Z] error: <dockerStatusService> Error: connect ECONNREFUSED /var/run/docker.sock
    at PipeConnectWrap.afterConnect [as oncomplete] (node:net:1638:16)
    at PipeConnectWrap.callbackTrampoline (node:internal/async_hooks:130:17)
[2026-08-18T14:46:42.275Z] error: <dockerStatusService> Error: connect ECONNREFUSED /var/run/docker.sock
    at PipeConnectWrap.afterConnect [as oncomplete] (node:net:1638:16)
    at PipeConnectWrap.callbackTrampoline (node:internal/async_hooks:130:17)
[2026-08-18T14:46:42.277Z] error: <dockerStatusService> Error: connect ECONNREFUSED /var/run/docker.sock
    at PipeConnectWrap.afterConnect [as oncomplete] (node:net:1638:16)
    at PipeConnectWrap.callbackTrampoline (node:internal/async_hooks:130:17)
[2026-08-18T14:46:42.279Z] error: <dockerStatusService> Error: connect ECONNREFUSED /var/run/docker.sock
    at PipeConnectWrap.afterConnect [as oncomplete] (node:net:1638:16)
    at PipeConnectWrap.callbackTrampoline (node:internal/async_hooks:130:17)
[2026-08-18T14:46:42.280Z] error: <dockerStatusService> Error: connect ECONNREFUSED /var/run/docker.sock
    at PipeConnectWrap.afterConnect [as oncomplete] (node:net:1638:16)
    at PipeConnectWrap.callbackTrampoline (node:internal/async_hooks:130:17)
[2026-08-18T14:46:42.304Z] error: <service-helpers> Error getting services from Docker server 'podman': Error: connect ECONNREFUSED /var/run/docker.sock
    at ignore-listed frames {
  errno: -111,
  code: 'ECONNREFUSED',
  syscall: 'connect',
  address: '/var/run/docker.sock'
}
[2026-08-18T14:48:45.872Z] error: <dockerStatusService> Error: connect ECONNREFUSED /var/run/docker.sock
    at PipeConnectWrap.afterConnect [as oncomplete] (node:net:1638:16)
    at PipeConnectWrap.callbackTrampoline (node:internal/async_hooks:130:17)
[2026-08-18T14:48:45.876Z] error: <dockerStatusService> Error: connect ECONNREFUSED /var/run/docker.sock
    at PipeConnectWrap.afterConnect [as oncomplete] (node:net:1638:16)
    at PipeConnectWrap.callbackTrampoline (node:internal/async_hooks:130:17)
[2026-08-18T14:48:45.877Z] error: <dockerStatusService> Error: connect ECONNREFUSED /var/run/docker.sock
    at PipeConnectWrap.afterConnect [as oncomplete] (node:net:1638:16)
    at PipeConnectWrap.callbackTrampoline (node:internal/async_hooks:130:17)
[2026-08-18T14:48:45.879Z] error: <dockerStatusService> Error: connect ECONNREFUSED /var/run/docker.sock
    at PipeConnectWrap.afterConnect [as oncomplete] (node:net:1638:16)
    at PipeConnectWrap.callbackTrampoline (node:internal/async_hooks:130:17)
[2026-08-18T14:48:45.880Z] error: <dockerStatusService> Error: connect ECONNREFUSED /var/run/docker.sock
    at PipeConnectWrap.afterConnect [as oncomplete] (node:net:1638:16)
    at PipeConnectWrap.callbackTrampoline (node:internal/async_hooks:130:17)
[2026-08-18T14:48:45.886Z] error: <dockerStatusService> Error: connect ECONNREFUSED /var/run/docker.sock
    at PipeConnectWrap.afterConnect [as oncomplete] (node:net:1638:16)
    at PipeConnectWrap.callbackTrampoline (node:internal/async_hooks:130:17)
[2026-08-18T14:48:45.889Z] error: <dockerStatusService> Error: connect ECONNREFUSED /var/run/docker.sock
    at PipeConnectWrap.afterConnect [as oncomplete] (node:net:1638:16)
    at PipeConnectWrap.callbackTrampoline (node:internal/async_hooks:130:17)
[2026-08-18T14:48:45.889Z] error: <dockerStatusService> Error: connect ECONNREFUSED /var/run/docker.sock
    at PipeConnectWrap.afterConnect [as oncomplete] (node:net:1638:16)
    at PipeConnectWrap.callbackTrampoline (node:internal/async_hooks:130:17)
[2026-08-18T14:48:45.891Z] error: <dockerStatusService> Error: connect ECONNREFUSED /var/run/docker.sock
    at PipeConnectWrap.afterConnect [as oncomplete] (node:net:1638:16)
    at PipeConnectWrap.callbackTrampoline (node:internal/async_hooks:130:17)
[2026-08-18T14:48:45.894Z] error: <service-helpers> Error getting services from Docker server 'podman': Error: connect ECONNREFUSED /var/run/docker.sock
    at ignore-listed frames {
  errno: -111,
  code: 'ECONNREFUSED',
  syscall: 'connect',
  address: '/var/run/docker.sock'
}
[2026-08-18T14:48:45.895Z] error: <dockerStatusService> Error: connect ECONNREFUSED /var/run/docker.sock
    at PipeConnectWrap.afterConnect [as oncomplete] (node:net:1638:16)
    at PipeConnectWrap.callbackTrampoline (node:internal/async_hooks:130:17)
[2026-08-18T14:48:45.903Z] error: <dockerStatusService> Error: connect ECONNREFUSED /var/run/docker.sock
    at PipeConnectWrap.afterConnect [as oncomplete] (node:net:1638:16)
    at PipeConnectWrap.callbackTrampoline (node:internal/async_hooks:130:17)
[2026-08-18T14:48:45.905Z] error: <dockerStatusService> Error: connect ECONNREFUSED /var/run/docker.sock
    at PipeConnectWrap.afterConnect [as oncomplete] (node:net:1638:16)
    at PipeConnectWrap.callbackTrampoline (node:internal/async_hooks:130:17)
[2026-08-18T14:48:45.906Z] error: <dockerStatusService> Error: connect ECONNREFUSED /var/run/docker.sock
    at PipeConnectWrap.afterConnect [as oncomplete] (node:net:1638:16)
    at PipeConnectWrap.callbackTrampoline (node:internal/async_hooks:130:17)
[2026-09-01T14:52:19.048Z] error: Host validation failed for: homepage.hemati.com. Hint: Set the HOMEPAGE_ALLOWED_HOSTS environment variable to allow requests from this host / port.
[2026-09-01T14:52:30.255Z] error: Host validation failed for: homepage.hemati.com. Hint: Set the HOMEPAGE_ALLOWED_HOSTS environment variable to allow requests from this host / port.
[2026-09-07T00:23:04.500Z] error: <dockerStatusService> Error: connect ECONNREFUSED /var/run/docker.sock
    at PipeConnectWrap.afterConnect [as oncomplete] (node:net:1638:16)
    at PipeConnectWrap.callbackTrampoline (node:internal/async_hooks:130:17)
[2026-09-07T00:23:04.514Z] error: <dockerStatusService> Error: connect ECONNREFUSED /var/run/docker.sock
    at PipeConnectWrap.afterConnect [as oncomplete] (node:net:1638:16)
    at PipeConnectWrap.callbackTrampoline (node:internal/async_hooks:130:17)
[2026-09-07T00:23:04.516Z] error: <dockerStatusService> Error: connect ECONNREFUSED /var/run/docker.sock
    at PipeConnectWrap.afterConnect [as oncomplete] (node:net:1638:16)
    at PipeConnectWrap.callbackTrampoline (node:internal/async_hooks:130:17)
[2026-09-07T00:23:04.520Z] error: <dockerStatusService> Error: connect ECONNREFUSED /var/run/docker.sock
    at PipeConnectWrap.afterConnect [as oncomplete] (node:net:1638:16)
    at PipeConnectWrap.callbackTrampoline (node:internal/async_hooks:130:17)
[2026-09-07T00:23:04.529Z] error: <dockerStatusService> Error: connect ECONNREFUSED /var/run/docker.sock
    at PipeConnectWrap.afterConnect [as oncomplete] (node:net:1638:16)
    at PipeConnectWrap.callbackTrampoline (node:internal/async_hooks:130:17)
[2026-09-07T00:23:04.531Z] error: <dockerStatusService> Error: connect ECONNREFUSED /var/run/docker.sock
    at PipeConnectWrap.afterConnect [as oncomplete] (node:net:1638:16)
    at PipeConnectWrap.callbackTrampoline (node:internal/async_hooks:130:17)
[2026-09-07T00:23:04.539Z] error: <dockerStatusService> Error: connect ECONNREFUSED /var/run/docker.sock
    at PipeConnectWrap.afterConnect [as oncomplete] (node:net:1638:16)
    at PipeConnectWrap.callbackTrampoline (node:internal/async_hooks:130:17)
[2026-09-07T00:23:04.542Z] error: <dockerStatusService> Error: connect ECONNREFUSED /var/run/docker.sock
    at PipeConnectWrap.afterConnect [as oncomplete] (node:net:1638:16)
    at PipeConnectWrap.callbackTrampoline (node:internal/async_hooks:130:17)
[2026-09-07T00:23:04.562Z] error: <service-helpers> Error getting services from Docker server 'podman': Error: connect ECONNREFUSED /var/run/docker.sock
    at ignore-listed frames {
  errno: -111,
  code: 'ECONNREFUSED',
  syscall: 'connect',
  address: '/var/run/docker.sock'
}
[2026-09-07T00:23:04.564Z] error: <dockerStatusService> Error: connect ECONNREFUSED /var/run/docker.sock
    at PipeConnectWrap.afterConnect [as oncomplete] (node:net:1638:16)
    at PipeConnectWrap.callbackTrampoline (node:internal/async_hooks:130:17)
[2026-09-07T00:23:04.569Z] error: <dockerStatusService> Error: connect ECONNREFUSED /var/run/docker.sock
    at PipeConnectWrap.afterConnect [as oncomplete] (node:net:1638:16)
    at PipeConnectWrap.callbackTrampoline (node:internal/async_hooks:130:17)
[2026-09-07T00:23:04.577Z] error: <dockerStatusService> Error: connect ECONNREFUSED /var/run/docker.sock
    at PipeConnectWrap.afterConnect [as oncomplete] (node:net:1638:16)
    at PipeConnectWrap.callbackTrampoline (node:internal/async_hooks:130:17)
[2026-09-07T00:23:04.581Z] error: <dockerStatusService> Error: connect ECONNREFUSED /var/run/docker.sock
    at PipeConnectWrap.afterConnect [as oncomplete] (node:net:1638:16)
    at PipeConnectWrap.callbackTrampoline (node:internal/async_hooks:130:17)
[2026-09-07T00:23:04.585Z] error: <dockerStatusService> Error: connect ECONNREFUSED /var/run/docker.sock
    at PipeConnectWrap.afterConnect [as oncomplete] (node:net:1638:16)
    at PipeConnectWrap.callbackTrampoline (node:internal/async_hooks:130:17)
[2026-09-07T00:23:04.591Z] error: <dockerStatusService> Error: connect ECONNREFUSED /var/run/docker.sock
    at PipeConnectWrap.afterConnect [as oncomplete] (node:net:1638:16)
    at PipeConnectWrap.callbackTrampoline (node:internal/async_hooks:130:17)
[2026-09-07T00:23:04.598Z] error: <dockerStatusService> Error: connect ECONNREFUSED /var/run/docker.sock
    at PipeConnectWrap.afterConnect [as oncomplete] (node:net:1638:16)
    at PipeConnectWrap.callbackTrampoline (node:internal/async_hooks:130:17)
[2026-09-07T00:23:04.601Z] error: <dockerStatusService> Error: connect ECONNREFUSED /var/run/docker.sock
    at PipeConnectWrap.afterConnect [as oncomplete] (node:net:1638:16)
    at PipeConnectWrap.callbackTrampoline (node:internal/async_hooks:130:17)
[2026-09-07T00:23:04.603Z] error: <dockerStatusService> Error: connect ECONNREFUSED /var/run/docker.sock
    at PipeConnectWrap.afterConnect [as oncomplete] (node:net:1638:16)
    at PipeConnectWrap.callbackTrampoline (node:internal/async_hooks:130:17)
[2026-09-07T00:23:04.606Z] error: <service-helpers> Error getting services from Docker server 'podman': Error: connect ECONNREFUSED /var/run/docker.sock
    at ignore-listed frames {
  errno: -111,
  code: 'ECONNREFUSED',
  syscall: 'connect',
  address: '/var/run/docker.sock'
}
[2026-09-07T00:23:04.606Z] error: <dockerStatusService> Error: connect ECONNREFUSED /var/run/docker.sock
    at PipeConnectWrap.afterConnect [as oncomplete] (node:net:1638:16)
    at PipeConnectWrap.callbackTrampoline (node:internal/async_hooks:130:17)
[2026-09-07T00:23:04.609Z] error: <dockerStatusService> Error: connect ECONNREFUSED /var/run/docker.sock
    at PipeConnectWrap.afterConnect [as oncomplete] (node:net:1638:16)
    at PipeConnectWrap.callbackTrampoline (node:internal/async_hooks:130:17)
[2026-09-07T00:23:04.834Z] error: <dockerStatusService> Error: connect ECONNREFUSED /var/run/docker.sock
    at PipeConnectWrap.afterConnect [as oncomplete] (node:net:1638:16)
    at PipeConnectWrap.callbackTrampoline (node:internal/async_hooks:130:17)
[2026-09-07T00:23:04.834Z] error: <dockerStatusService> Error: connect ECONNREFUSED /var/run/docker.sock
    at PipeConnectWrap.afterConnect [as oncomplete] (node:net:1638:16)
    at PipeConnectWrap.callbackTrampoline (node:internal/async_hooks:130:17)
[2026-09-07T00:23:04.835Z] error: <dockerStatusService> Error: connect ECONNREFUSED /var/run/docker.sock
    at PipeConnectWrap.afterConnect [as oncomplete] (node:net:1638:16)
    at PipeConnectWrap.callbackTrampoline (node:internal/async_hooks:130:17)
[2026-09-07T00:23:04.835Z] error: <dockerStatusService> Error: connect ECONNREFUSED /var/run/docker.sock
    at PipeConnectWrap.afterConnect [as oncomplete] (node:net:1638:16)
    at PipeConnectWrap.callbackTrampoline (node:internal/async_hooks:130:17)
[2026-09-07T00:23:04.835Z] error: <dockerStatusService> Error: connect ECONNREFUSED /var/run/docker.sock
    at PipeConnectWrap.afterConnect [as oncomplete] (node:net:1638:16)
    at PipeConnectWrap.callbackTrampoline (node:internal/async_hooks:130:17)
[2026-09-07T00:23:04.835Z] error: <dockerStatusService> Error: connect ECONNREFUSED /var/run/docker.sock
    at PipeConnectWrap.afterConnect [as oncomplete] (node:net:1638:16)
    at PipeConnectWrap.callbackTrampoline (node:internal/async_hooks:130:17)
[2026-09-07T00:23:04.836Z] error: <dockerStatusService> Error: connect ECONNREFUSED /var/run/docker.sock
    at PipeConnectWrap.afterConnect [as oncomplete] (node:net:1638:16)
    at PipeConnectWrap.callbackTrampoline (node:internal/async_hooks:130:17)
[2026-09-07T00:23:04.836Z] error: <dockerStatusService> Error: connect ECONNREFUSED /var/run/docker.sock
    at PipeConnectWrap.afterConnect [as oncomplete] (node:net:1638:16)
    at PipeConnectWrap.callbackTrampoline (node:internal/async_hooks:130:17)
[2026-09-07T00:23:04.836Z] error: <dockerStatusService> Error: connect ECONNREFUSED /var/run/docker.sock
    at PipeConnectWrap.afterConnect [as oncomplete] (node:net:1638:16)
    at PipeConnectWrap.callbackTrampoline (node:internal/async_hooks:130:17)
[2026-09-07T00:23:04.836Z] error: <dockerStatusService> Error: connect ECONNREFUSED /var/run/docker.sock
    at PipeConnectWrap.afterConnect [as oncomplete] (node:net:1638:16)
    at PipeConnectWrap.callbackTrampoline (node:internal/async_hooks:130:17)
[2026-09-07T00:23:04.836Z] error: <dockerStatusService> Error: connect ECONNREFUSED /var/run/docker.sock
    at PipeConnectWrap.afterConnect [as oncomplete] (node:net:1638:16)
    at PipeConnectWrap.callbackTrampoline (node:internal/async_hooks:130:17)
[2026-09-07T00:23:04.837Z] error: <dockerStatusService> Error: connect ECONNREFUSED /var/run/docker.sock
    at PipeConnectWrap.afterConnect [as oncomplete] (node:net:1638:16)
    at PipeConnectWrap.callbackTrampoline (node:internal/async_hooks:130:17)
[2026-09-07T00:23:04.837Z] error: <dockerStatusService> Error: connect ECONNREFUSED /var/run/docker.sock
    at PipeConnectWrap.afterConnect [as oncomplete] (node:net:1638:16)
    at PipeConnectWrap.callbackTrampoline (node:internal/async_hooks:130:17)
[2026-09-07T00:23:04.837Z] error: <dockerStatusService> Error: connect ECONNREFUSED /var/run/docker.sock
    at PipeConnectWrap.afterConnect [as oncomplete] (node:net:1638:16)
    at PipeConnectWrap.callbackTrampoline (node:internal/async_hooks:130:17)
[2026-09-07T00:23:04.837Z] error: <dockerStatusService> Error: connect ECONNREFUSED /var/run/docker.sock
    at PipeConnectWrap.afterConnect [as oncomplete] (node:net:1638:16)
    at PipeConnectWrap.callbackTrampoline (node:internal/async_hooks:130:17)
[2026-09-07T00:23:04.837Z] error: <dockerStatusService> Error: connect ECONNREFUSED /var/run/docker.sock
    at PipeConnectWrap.afterConnect [as oncomplete] (node:net:1638:16)
    at PipeConnectWrap.callbackTrampoline (node:internal/async_hooks:130:17)
[2026-09-07T00:23:04.838Z] error: <dockerStatusService> Error: connect ECONNREFUSED /var/run/docker.sock
    at PipeConnectWrap.afterConnect [as oncomplete] (node:net:1638:16)
    at PipeConnectWrap.callbackTrampoline (node:internal/async_hooks:130:17)
[2026-09-07T00:23:04.838Z] error: <dockerStatusService> Error: connect ECONNREFUSED /var/run/docker.sock
    at PipeConnectWrap.afterConnect [as oncomplete] (node:net:1638:16)
    at PipeConnectWrap.callbackTrampoline (node:internal/async_hooks:130:17)
[2026-09-07T00:23:04.838Z] error: <dockerStatusService> Error: connect ECONNREFUSED /var/run/docker.sock
    at PipeConnectWrap.afterConnect [as oncomplete] (node:net:1638:16)
    at PipeConnectWrap.callbackTrampoline (node:internal/async_hooks:130:17)
[2026-09-07T00:23:04.865Z] error: <service-helpers> Error getting services from Docker server 'podman': Error: connect ECONNREFUSED /var/run/docker.sock
    at ignore-listed frames {
  errno: -111,
  code: 'ECONNREFUSED',
  syscall: 'connect',
  address: '/var/run/docker.sock'
}
[2026-09-07T03:03:16.015Z] error: <dockerStatusService> Error: connect ECONNREFUSED /var/run/docker.sock
    at PipeConnectWrap.afterConnect [as oncomplete] (node:net:1638:16)
    at PipeConnectWrap.callbackTrampoline (node:internal/async_hooks:130:17)
[2026-09-07T03:03:16.017Z] error: <dockerStatusService> Error: connect ECONNREFUSED /var/run/docker.sock
    at PipeConnectWrap.afterConnect [as oncomplete] (node:net:1638:16)
    at PipeConnectWrap.callbackTrampoline (node:internal/async_hooks:130:17)
[2026-09-07T03:03:16.040Z] error: <dockerStatusService> Error: connect ECONNREFUSED /var/run/docker.sock
    at PipeConnectWrap.afterConnect [as oncomplete] (node:net:1638:16)
    at PipeConnectWrap.callbackTrampoline (node:internal/async_hooks:130:17)
[2026-09-07T03:03:16.043Z] error: <dockerStatusService> Error: connect ECONNREFUSED /var/run/docker.sock
    at PipeConnectWrap.afterConnect [as oncomplete] (node:net:1638:16)
    at PipeConnectWrap.callbackTrampoline (node:internal/async_hooks:130:17)
[2026-09-07T03:03:16.047Z] error: <dockerStatusService> Error: connect ECONNREFUSED /var/run/docker.sock
    at PipeConnectWrap.afterConnect [as oncomplete] (node:net:1638:16)
    at PipeConnectWrap.callbackTrampoline (node:internal/async_hooks:130:17)
[2026-09-07T03:03:16.051Z] error: <dockerStatusService> Error: connect ECONNREFUSED /var/run/docker.sock
    at PipeConnectWrap.afterConnect [as oncomplete] (node:net:1638:16)
    at PipeConnectWrap.callbackTrampoline (node:internal/async_hooks:130:17)
[2026-09-07T03:03:16.053Z] error: <dockerStatusService> Error: connect ECONNREFUSED /var/run/docker.sock
    at PipeConnectWrap.afterConnect [as oncomplete] (node:net:1638:16)
    at PipeConnectWrap.callbackTrampoline (node:internal/async_hooks:130:17)
[2026-09-07T03:03:16.055Z] error: <dockerStatusService> Error: connect ECONNREFUSED /var/run/docker.sock
    at PipeConnectWrap.afterConnect [as oncomplete] (node:net:1638:16)
    at PipeConnectWrap.callbackTrampoline (node:internal/async_hooks:130:17)
[2026-09-07T03:03:16.057Z] error: <dockerStatusService> Error: connect ECONNREFUSED /var/run/docker.sock
    at PipeConnectWrap.afterConnect [as oncomplete] (node:net:1638:16)
    at PipeConnectWrap.callbackTrampoline (node:internal/async_hooks:130:17)
[2026-09-07T03:03:16.068Z] error: <dockerStatusService> Error: connect ECONNREFUSED /var/run/docker.sock
    at PipeConnectWrap.afterConnect [as oncomplete] (node:net:1638:16)
    at PipeConnectWrap.callbackTrampoline (node:internal/async_hooks:130:17)
[2026-09-07T03:03:16.069Z] error: <dockerStatusService> Error: connect ECONNREFUSED /var/run/docker.sock
    at PipeConnectWrap.afterConnect [as oncomplete] (node:net:1638:16)
    at PipeConnectWrap.callbackTrampoline (node:internal/async_hooks:130:17)
[2026-09-07T03:03:16.073Z] error: <dockerStatusService> Error: connect ECONNREFUSED /var/run/docker.sock
    at PipeConnectWrap.afterConnect [as oncomplete] (node:net:1638:16)
    at PipeConnectWrap.callbackTrampoline (node:internal/async_hooks:130:17)
[2026-09-07T03:03:16.079Z] error: <dockerStatusService> Error: connect ECONNREFUSED /var/run/docker.sock
    at PipeConnectWrap.afterConnect [as oncomplete] (node:net:1638:16)
    at PipeConnectWrap.callbackTrampoline (node:internal/async_hooks:130:17)
[2026-09-07T03:03:16.086Z] error: <dockerStatusService> Error: connect ECONNREFUSED /var/run/docker.sock
    at PipeConnectWrap.afterConnect [as oncomplete] (node:net:1638:16)
    at PipeConnectWrap.callbackTrampoline (node:internal/async_hooks:130:17)
[2026-09-07T03:03:16.089Z] error: <dockerStatusService> Error: connect ECONNREFUSED /var/run/docker.sock
    at PipeConnectWrap.afterConnect [as oncomplete] (node:net:1638:16)
    at PipeConnectWrap.callbackTrampoline (node:internal/async_hooks:130:17)
[2026-09-07T03:03:16.092Z] error: <dockerStatusService> Error: connect ECONNREFUSED /var/run/docker.sock
    at PipeConnectWrap.afterConnect [as oncomplete] (node:net:1638:16)
    at PipeConnectWrap.callbackTrampoline (node:internal/async_hooks:130:17)
[2026-09-07T03:03:16.095Z] error: <dockerStatusService> Error: connect ECONNREFUSED /var/run/docker.sock
    at PipeConnectWrap.afterConnect [as oncomplete] (node:net:1638:16)
    at PipeConnectWrap.callbackTrampoline (node:internal/async_hooks:130:17)
[2026-09-07T03:03:16.097Z] error: <dockerStatusService> Error: connect ECONNREFUSED /var/run/docker.sock
    at PipeConnectWrap.afterConnect [as oncomplete] (node:net:1638:16)
    at PipeConnectWrap.callbackTrampoline (node:internal/async_hooks:130:17)
[2026-09-07T03:03:16.100Z] error: <dockerStatusService> Error: connect ECONNREFUSED /var/run/docker.sock
    at PipeConnectWrap.afterConnect [as oncomplete] (node:net:1638:16)
    at PipeConnectWrap.callbackTrampoline (node:internal/async_hooks:130:17)
[2026-09-07T03:03:16.118Z] error: <service-helpers> Error getting services from Docker server 'podman': Error: connect ECONNREFUSED /var/run/docker.sock
    at ignore-listed frames {
  errno: -111,
  code: 'ECONNREFUSED',
  syscall: 'connect',
  address: '/var/run/docker.sock'
}
[2026-09-07T03:11:03.219Z] error: <dockerStatusService> Error: connect ECONNREFUSED /var/run/docker.sock
    at PipeConnectWrap.afterConnect [as oncomplete] (node:net:1638:16)
    at PipeConnectWrap.callbackTrampoline (node:internal/async_hooks:130:17)
[2026-09-07T03:11:03.225Z] error: <dockerStatusService> Error: connect ECONNREFUSED /var/run/docker.sock
    at PipeConnectWrap.afterConnect [as oncomplete] (node:net:1638:16)
    at PipeConnectWrap.callbackTrampoline (node:internal/async_hooks:130:17)
[2026-09-07T03:11:03.226Z] error: <dockerStatusService> Error: connect ECONNREFUSED /var/run/docker.sock
    at PipeConnectWrap.afterConnect [as oncomplete] (node:net:1638:16)
    at PipeConnectWrap.callbackTrampoline (node:internal/async_hooks:130:17)
[2026-09-07T03:11:03.229Z] error: <dockerStatusService> Error: connect ECONNREFUSED /var/run/docker.sock
    at PipeConnectWrap.afterConnect [as oncomplete] (node:net:1638:16)
    at PipeConnectWrap.callbackTrampoline (node:internal/async_hooks:130:17)
[2026-09-07T03:11:03.241Z] error: <dockerStatusService> Error: connect ECONNREFUSED /var/run/docker.sock
    at PipeConnectWrap.afterConnect [as oncomplete] (node:net:1638:16)
    at PipeConnectWrap.callbackTrampoline (node:internal/async_hooks:130:17)
[2026-09-07T03:11:03.241Z] error: <dockerStatusService> Error: connect ECONNREFUSED /var/run/docker.sock
    at PipeConnectWrap.afterConnect [as oncomplete] (node:net:1638:16)
    at PipeConnectWrap.callbackTrampoline (node:internal/async_hooks:130:17)
[2026-09-07T03:11:03.249Z] error: <dockerStatusService> Error: connect ECONNREFUSED /var/run/docker.sock
    at PipeConnectWrap.afterConnect [as oncomplete] (node:net:1638:16)
    at PipeConnectWrap.callbackTrampoline (node:internal/async_hooks:130:17)
[2026-09-07T03:11:03.254Z] error: <dockerStatusService> Error: connect ECONNREFUSED /var/run/docker.sock
    at PipeConnectWrap.afterConnect [as oncomplete] (node:net:1638:16)
    at PipeConnectWrap.callbackTrampoline (node:internal/async_hooks:130:17)
[2026-09-07T03:11:03.259Z] error: <dockerStatusService> Error: connect ECONNREFUSED /var/run/docker.sock
    at PipeConnectWrap.afterConnect [as oncomplete] (node:net:1638:16)
    at PipeConnectWrap.callbackTrampoline (node:internal/async_hooks:130:17)
[2026-09-07T03:11:03.265Z] error: <dockerStatusService> Error: connect ECONNREFUSED /var/run/docker.sock
    at PipeConnectWrap.afterConnect [as oncomplete] (node:net:1638:16)
    at PipeConnectWrap.callbackTrampoline (node:internal/async_hooks:130:17)
[2026-09-07T03:11:03.268Z] error: <dockerStatusService> Error: connect ECONNREFUSED /var/run/docker.sock
    at PipeConnectWrap.afterConnect [as oncomplete] (node:net:1638:16)
    at PipeConnectWrap.callbackTrampoline (node:internal/async_hooks:130:17)
[2026-09-07T03:11:03.273Z] error: <dockerStatusService> Error: connect ECONNREFUSED /var/run/docker.sock
    at PipeConnectWrap.afterConnect [as oncomplete] (node:net:1638:16)
    at PipeConnectWrap.callbackTrampoline (node:internal/async_hooks:130:17)
[2026-09-07T03:11:03.279Z] error: <dockerStatusService> Error: connect ECONNREFUSED /var/run/docker.sock
    at PipeConnectWrap.afterConnect [as oncomplete] (node:net:1638:16)
    at PipeConnectWrap.callbackTrampoline (node:internal/async_hooks:130:17)
[2026-09-07T03:11:03.282Z] error: <dockerStatusService> Error: connect ECONNREFUSED /var/run/docker.sock
    at PipeConnectWrap.afterConnect [as oncomplete] (node:net:1638:16)
    at PipeConnectWrap.callbackTrampoline (node:internal/async_hooks:130:17)
[2026-09-07T03:11:03.285Z] error: <dockerStatusService> Error: connect ECONNREFUSED /var/run/docker.sock
    at PipeConnectWrap.afterConnect [as oncomplete] (node:net:1638:16)
    at PipeConnectWrap.callbackTrampoline (node:internal/async_hooks:130:17)
[2026-09-07T03:11:03.294Z] error: <service-helpers> Error getting services from Docker server 'podman': Error: connect ECONNREFUSED /var/run/docker.sock
    at ignore-listed frames {
  errno: -111,
  code: 'ECONNREFUSED',
  syscall: 'connect',
  address: '/var/run/docker.sock'
}
[2026-09-07T03:11:03.297Z] error: <dockerStatusService> Error: connect ECONNREFUSED /var/run/docker.sock
    at PipeConnectWrap.afterConnect [as oncomplete] (node:net:1638:16)
    at PipeConnectWrap.callbackTrampoline (node:internal/async_hooks:130:17)
[2026-09-07T03:11:03.299Z] error: <dockerStatusService> Error: connect ECONNREFUSED /var/run/docker.sock
    at PipeConnectWrap.afterConnect [as oncomplete] (node:net:1638:16)
    at PipeConnectWrap.callbackTrampoline (node:internal/async_hooks:130:17)
[2026-09-07T03:11:03.301Z] error: <dockerStatusService> Error: connect ECONNREFUSED /var/run/docker.sock
    at PipeConnectWrap.afterConnect [as oncomplete] (node:net:1638:16)
    at PipeConnectWrap.callbackTrampoline (node:internal/async_hooks:130:17)
[2026-09-07T03:11:03.304Z] error: <dockerStatusService> Error: connect ECONNREFUSED /var/run/docker.sock
    at PipeConnectWrap.afterConnect [as oncomplete] (node:net:1638:16)
    at PipeConnectWrap.callbackTrampoline (node:internal/async_hooks:130:17)
[2026-09-07T03:12:44.943Z] error: <dockerStatusService> Error: connect ECONNREFUSED /var/run/docker.sock
    at PipeConnectWrap.afterConnect [as oncomplete] (node:net:1638:16)
    at PipeConnectWrap.callbackTrampoline (node:internal/async_hooks:130:17)
[2026-09-07T03:12:44.946Z] error: <dockerStatusService> Error: connect ECONNREFUSED /var/run/docker.sock
    at PipeConnectWrap.afterConnect [as oncomplete] (node:net:1638:16)
    at PipeConnectWrap.callbackTrampoline (node:internal/async_hooks:130:17)
[2026-09-07T03:12:44.953Z] error: <dockerStatusService> Error: connect ECONNREFUSED /var/run/docker.sock
    at PipeConnectWrap.afterConnect [as oncomplete] (node:net:1638:16)
    at PipeConnectWrap.callbackTrampoline (node:internal/async_hooks:130:17)
[2026-09-07T03:12:44.961Z] error: <dockerStatusService> Error: connect ECONNREFUSED /var/run/docker.sock
    at PipeConnectWrap.afterConnect [as oncomplete] (node:net:1638:16)
    at PipeConnectWrap.callbackTrampoline (node:internal/async_hooks:130:17)
[2026-09-07T03:12:44.962Z] error: <dockerStatusService> Error: connect ECONNREFUSED /var/run/docker.sock
    at PipeConnectWrap.afterConnect [as oncomplete] (node:net:1638:16)
    at PipeConnectWrap.callbackTrampoline (node:internal/async_hooks:130:17)
[2026-09-07T03:12:44.966Z] error: <dockerStatusService> Error: connect ECONNREFUSED /var/run/docker.sock
    at PipeConnectWrap.afterConnect [as oncomplete] (node:net:1638:16)
    at PipeConnectWrap.callbackTrampoline (node:internal/async_hooks:130:17)
[2026-09-07T03:12:44.968Z] error: <service-helpers> Error getting services from Docker server 'podman': Error: connect ECONNREFUSED /var/run/docker.sock
    at ignore-listed frames {
  errno: -111,
  code: 'ECONNREFUSED',
  syscall: 'connect',
  address: '/var/run/docker.sock'
}
[2026-09-07T03:12:44.970Z] error: <dockerStatusService> Error: connect ECONNREFUSED /var/run/docker.sock
    at PipeConnectWrap.afterConnect [as oncomplete] (node:net:1638:16)
    at PipeConnectWrap.callbackTrampoline (node:internal/async_hooks:130:17)
[2026-09-07T03:12:44.972Z] error: <dockerStatusService> Error: connect ECONNREFUSED /var/run/docker.sock
    at PipeConnectWrap.afterConnect [as oncomplete] (node:net:1638:16)
    at PipeConnectWrap.callbackTrampoline (node:internal/async_hooks:130:17)
[2026-09-07T03:12:44.980Z] error: <dockerStatusService> Error: connect ECONNREFUSED /var/run/docker.sock
    at PipeConnectWrap.afterConnect [as oncomplete] (node:net:1638:16)
    at PipeConnectWrap.callbackTrampoline (node:internal/async_hooks:130:17)
[2026-09-07T03:12:44.982Z] error: <dockerStatusService> Error: connect ECONNREFUSED /var/run/docker.sock
    at PipeConnectWrap.afterConnect [as oncomplete] (node:net:1638:16)
    at PipeConnectWrap.callbackTrampoline (node:internal/async_hooks:130:17)
[2026-09-07T03:12:44.985Z] error: <dockerStatusService> Error: connect ECONNREFUSED /var/run/docker.sock
    at PipeConnectWrap.afterConnect [as oncomplete] (node:net:1638:16)
    at PipeConnectWrap.callbackTrampoline (node:internal/async_hooks:130:17)
[2026-09-07T03:12:44.991Z] error: <dockerStatusService> Error: connect ECONNREFUSED /var/run/docker.sock
    at PipeConnectWrap.afterConnect [as oncomplete] (node:net:1638:16)
    at PipeConnectWrap.callbackTrampoline (node:internal/async_hooks:130:17)
[2026-09-07T03:12:44.993Z] error: <dockerStatusService> Error: connect ECONNREFUSED /var/run/docker.sock
    at PipeConnectWrap.afterConnect [as oncomplete] (node:net:1638:16)
    at PipeConnectWrap.callbackTrampoline (node:internal/async_hooks:130:17)
[2026-09-07T03:12:44.997Z] error: <dockerStatusService> Error: connect ECONNREFUSED /var/run/docker.sock
    at PipeConnectWrap.afterConnect [as oncomplete] (node:net:1638:16)
    at PipeConnectWrap.callbackTrampoline (node:internal/async_hooks:130:17)
[2026-09-07T03:12:45.000Z] error: <dockerStatusService> Error: connect ECONNREFUSED /var/run/docker.sock
    at PipeConnectWrap.afterConnect [as oncomplete] (node:net:1638:16)
    at PipeConnectWrap.callbackTrampoline (node:internal/async_hooks:130:17)
[2026-09-07T03:12:45.003Z] error: <dockerStatusService> Error: connect ECONNREFUSED /var/run/docker.sock
    at PipeConnectWrap.afterConnect [as oncomplete] (node:net:1638:16)
    at PipeConnectWrap.callbackTrampoline (node:internal/async_hooks:130:17)
[2026-09-07T03:12:45.004Z] error: <dockerStatusService> Error: connect ECONNREFUSED /var/run/docker.sock
    at PipeConnectWrap.afterConnect [as oncomplete] (node:net:1638:16)
    at PipeConnectWrap.callbackTrampoline (node:internal/async_hooks:130:17)
[2026-09-07T03:12:45.006Z] error: <dockerStatusService> Error: connect ECONNREFUSED /var/run/docker.sock
    at PipeConnectWrap.afterConnect [as oncomplete] (node:net:1638:16)
    at PipeConnectWrap.callbackTrampoline (node:internal/async_hooks:130:17)
[2026-09-07T03:12:45.017Z] error: <dockerStatusService> Error: connect ECONNREFUSED /var/run/docker.sock
    at PipeConnectWrap.afterConnect [as oncomplete] (node:net:1638:16)
    at PipeConnectWrap.callbackTrampoline (node:internal/async_hooks:130:17)
[2026-09-07T03:13:09.401Z] error: <dockerStatusService> Error: connect ECONNREFUSED /var/run/docker.sock
    at PipeConnectWrap.afterConnect [as oncomplete] (node:net:1638:16)
    at PipeConnectWrap.callbackTrampoline (node:internal/async_hooks:130:17)
[2026-09-07T03:13:09.406Z] error: <dockerStatusService> Error: connect ECONNREFUSED /var/run/docker.sock
    at PipeConnectWrap.afterConnect [as oncomplete] (node:net:1638:16)
    at PipeConnectWrap.callbackTrampoline (node:internal/async_hooks:130:17)
[2026-09-07T03:13:09.406Z] error: <dockerStatusService> Error: connect ECONNREFUSED /var/run/docker.sock
    at PipeConnectWrap.afterConnect [as oncomplete] (node:net:1638:16)
    at PipeConnectWrap.callbackTrampoline (node:internal/async_hooks:130:17)
[2026-09-07T03:13:09.411Z] error: <dockerStatusService> Error: connect ECONNREFUSED /var/run/docker.sock
    at PipeConnectWrap.afterConnect [as oncomplete] (node:net:1638:16)
    at PipeConnectWrap.callbackTrampoline (node:internal/async_hooks:130:17)
[2026-09-07T03:13:09.418Z] error: <dockerStatusService> Error: connect ECONNREFUSED /var/run/docker.sock
    at PipeConnectWrap.afterConnect [as oncomplete] (node:net:1638:16)
    at PipeConnectWrap.callbackTrampoline (node:internal/async_hooks:130:17)
[2026-09-07T03:13:09.421Z] error: <dockerStatusService> Error: connect ECONNREFUSED /var/run/docker.sock
    at PipeConnectWrap.afterConnect [as oncomplete] (node:net:1638:16)
    at PipeConnectWrap.callbackTrampoline (node:internal/async_hooks:130:17)
[2026-09-07T03:13:09.429Z] error: <dockerStatusService> Error: connect ECONNREFUSED /var/run/docker.sock
    at PipeConnectWrap.afterConnect [as oncomplete] (node:net:1638:16)
    at PipeConnectWrap.callbackTrampoline (node:internal/async_hooks:130:17)
[2026-09-07T03:13:09.432Z] error: <dockerStatusService> Error: connect ECONNREFUSED /var/run/docker.sock
    at PipeConnectWrap.afterConnect [as oncomplete] (node:net:1638:16)
    at PipeConnectWrap.callbackTrampoline (node:internal/async_hooks:130:17)
[2026-09-07T03:13:09.436Z] error: <dockerStatusService> Error: connect ECONNREFUSED /var/run/docker.sock
    at PipeConnectWrap.afterConnect [as oncomplete] (node:net:1638:16)
    at PipeConnectWrap.callbackTrampoline (node:internal/async_hooks:130:17)
[2026-09-07T03:13:09.441Z] error: <dockerStatusService> Error: connect ECONNREFUSED /var/run/docker.sock
    at PipeConnectWrap.afterConnect [as oncomplete] (node:net:1638:16)
    at PipeConnectWrap.callbackTrampoline (node:internal/async_hooks:130:17)
[2026-09-07T03:13:09.443Z] error: <service-helpers> Error getting services from Docker server 'podman': Error: connect ECONNREFUSED /var/run/docker.sock
    at ignore-listed frames {
  errno: -111,
  code: 'ECONNREFUSED',
  syscall: 'connect',
  address: '/var/run/docker.sock'
}
[2026-09-07T03:13:09.444Z] error: <dockerStatusService> Error: connect ECONNREFUSED /var/run/docker.sock
    at PipeConnectWrap.afterConnect [as oncomplete] (node:net:1638:16)
    at PipeConnectWrap.callbackTrampoline (node:internal/async_hooks:130:17)
[2026-09-07T03:13:09.448Z] error: <dockerStatusService> Error: connect ECONNREFUSED /var/run/docker.sock
    at PipeConnectWrap.afterConnect [as oncomplete] (node:net:1638:16)
    at PipeConnectWrap.callbackTrampoline (node:internal/async_hooks:130:17)
[2026-09-07T03:13:09.452Z] error: <dockerStatusService> Error: connect ECONNREFUSED /var/run/docker.sock
    at PipeConnectWrap.afterConnect [as oncomplete] (node:net:1638:16)
    at PipeConnectWrap.callbackTrampoline (node:internal/async_hooks:130:17)
[2026-09-07T03:13:09.457Z] error: <dockerStatusService> Error: connect ECONNREFUSED /var/run/docker.sock
    at PipeConnectWrap.afterConnect [as oncomplete] (node:net:1638:16)
    at PipeConnectWrap.callbackTrampoline (node:internal/async_hooks:130:17)
[2026-09-07T03:13:09.459Z] error: <dockerStatusService> Error: connect ECONNREFUSED /var/run/docker.sock
    at PipeConnectWrap.afterConnect [as oncomplete] (node:net:1638:16)
    at PipeConnectWrap.callbackTrampoline (node:internal/async_hooks:130:17)
[2026-09-07T03:13:09.461Z] error: <dockerStatusService> Error: connect ECONNREFUSED /var/run/docker.sock
    at PipeConnectWrap.afterConnect [as oncomplete] (node:net:1638:16)
    at PipeConnectWrap.callbackTrampoline (node:internal/async_hooks:130:17)
[2026-09-07T03:13:09.463Z] error: <dockerStatusService> Error: connect ECONNREFUSED /var/run/docker.sock
    at PipeConnectWrap.afterConnect [as oncomplete] (node:net:1638:16)
    at PipeConnectWrap.callbackTrampoline (node:internal/async_hooks:130:17)
[2026-09-07T03:13:09.468Z] error: <dockerStatusService> Error: connect ECONNREFUSED /var/run/docker.sock
    at PipeConnectWrap.afterConnect [as oncomplete] (node:net:1638:16)
    at PipeConnectWrap.callbackTrampoline (node:internal/async_hooks:130:17)
[2026-09-07T03:13:09.469Z] error: <dockerStatusService> Error: connect ECONNREFUSED /var/run/docker.sock
    at PipeConnectWrap.afterConnect [as oncomplete] (node:net:1638:16)
    at PipeConnectWrap.callbackTrampoline (node:internal/async_hooks:130:17)
[2026-09-07T03:14:02.203Z] error: <dockerStatusService> Error: connect ECONNREFUSED /var/run/docker.sock
    at PipeConnectWrap.afterConnect [as oncomplete] (node:net:1638:16)
    at PipeConnectWrap.callbackTrampoline (node:internal/async_hooks:130:17)
[2026-09-07T03:14:02.206Z] error: <dockerStatusService> Error: connect ECONNREFUSED /var/run/docker.sock
    at PipeConnectWrap.afterConnect [as oncomplete] (node:net:1638:16)
    at PipeConnectWrap.callbackTrampoline (node:internal/async_hooks:130:17)
[2026-09-07T03:14:02.208Z] error: <dockerStatusService> Error: connect ECONNREFUSED /var/run/docker.sock
    at PipeConnectWrap.afterConnect [as oncomplete] (node:net:1638:16)
    at PipeConnectWrap.callbackTrampoline (node:internal/async_hooks:130:17)
[2026-09-07T03:14:02.214Z] error: <dockerStatusService> Error: connect ECONNREFUSED /var/run/docker.sock
    at PipeConnectWrap.afterConnect [as oncomplete] (node:net:1638:16)
    at PipeConnectWrap.callbackTrampoline (node:internal/async_hooks:130:17)
[2026-09-07T03:14:02.221Z] error: <dockerStatusService> Error: connect ECONNREFUSED /var/run/docker.sock
    at PipeConnectWrap.afterConnect [as oncomplete] (node:net:1638:16)
    at PipeConnectWrap.callbackTrampoline (node:internal/async_hooks:130:17)
[2026-09-07T03:14:02.221Z] error: <dockerStatusService> Error: connect ECONNREFUSED /var/run/docker.sock
    at PipeConnectWrap.afterConnect [as oncomplete] (node:net:1638:16)
    at PipeConnectWrap.callbackTrampoline (node:internal/async_hooks:130:17)
[2026-09-07T03:14:02.236Z] error: <service-helpers> Error getting services from Docker server 'podman': Error: connect ECONNREFUSED /var/run/docker.sock
    at ignore-listed frames {
  errno: -111,
  code: 'ECONNREFUSED',
  syscall: 'connect',
  address: '/var/run/docker.sock'
}
[2026-09-07T03:14:02.237Z] error: <dockerStatusService> Error: connect ECONNREFUSED /var/run/docker.sock
    at PipeConnectWrap.afterConnect [as oncomplete] (node:net:1638:16)
    at PipeConnectWrap.callbackTrampoline (node:internal/async_hooks:130:17)
[2026-09-07T03:14:02.239Z] error: <dockerStatusService> Error: connect ECONNREFUSED /var/run/docker.sock
    at PipeConnectWrap.afterConnect [as oncomplete] (node:net:1638:16)
    at PipeConnectWrap.callbackTrampoline (node:internal/async_hooks:130:17)
[2026-09-07T03:14:02.241Z] error: <dockerStatusService> Error: connect ECONNREFUSED /var/run/docker.sock
    at PipeConnectWrap.afterConnect [as oncomplete] (node:net:1638:16)
    at PipeConnectWrap.callbackTrampoline (node:internal/async_hooks:130:17)
[2026-09-07T03:14:02.248Z] error: <dockerStatusService> Error: connect ECONNREFUSED /var/run/docker.sock
    at PipeConnectWrap.afterConnect [as oncomplete] (node:net:1638:16)
    at PipeConnectWrap.callbackTrampoline (node:internal/async_hooks:130:17)
[2026-09-07T03:14:02.264Z] error: <dockerStatusService> Error: connect ECONNREFUSED /var/run/docker.sock
    at PipeConnectWrap.afterConnect [as oncomplete] (node:net:1638:16)
    at PipeConnectWrap.callbackTrampoline (node:internal/async_hooks:130:17)
[2026-09-07T03:14:02.269Z] error: <dockerStatusService> Error: connect ECONNREFUSED /var/run/docker.sock
    at PipeConnectWrap.afterConnect [as oncomplete] (node:net:1638:16)
    at PipeConnectWrap.callbackTrampoline (node:internal/async_hooks:130:17)
[2026-09-07T03:14:02.272Z] error: <dockerStatusService> Error: connect ECONNREFUSED /var/run/docker.sock
    at PipeConnectWrap.afterConnect [as oncomplete] (node:net:1638:16)
    at PipeConnectWrap.callbackTrampoline (node:internal/async_hooks:130:17)
[2026-09-07T03:14:02.275Z] error: <dockerStatusService> Error: connect ECONNREFUSED /var/run/docker.sock
    at PipeConnectWrap.afterConnect [as oncomplete] (node:net:1638:16)
    at PipeConnectWrap.callbackTrampoline (node:internal/async_hooks:130:17)
[2026-09-07T03:14:02.277Z] error: <dockerStatusService> Error: connect ECONNREFUSED /var/run/docker.sock
    at PipeConnectWrap.afterConnect [as oncomplete] (node:net:1638:16)
    at PipeConnectWrap.callbackTrampoline (node:internal/async_hooks:130:17)
[2026-09-07T03:14:02.280Z] error: <dockerStatusService> Error: connect ECONNREFUSED /var/run/docker.sock
    at PipeConnectWrap.afterConnect [as oncomplete] (node:net:1638:16)
    at PipeConnectWrap.callbackTrampoline (node:internal/async_hooks:130:17)
[2026-09-07T03:14:02.282Z] error: <dockerStatusService> Error: connect ECONNREFUSED /var/run/docker.sock
    at PipeConnectWrap.afterConnect [as oncomplete] (node:net:1638:16)
    at PipeConnectWrap.callbackTrampoline (node:internal/async_hooks:130:17)
[2026-09-07T03:14:02.285Z] error: <dockerStatusService> Error: connect ECONNREFUSED /var/run/docker.sock
    at PipeConnectWrap.afterConnect [as oncomplete] (node:net:1638:16)
    at PipeConnectWrap.callbackTrampoline (node:internal/async_hooks:130:17)
[2026-09-07T03:14:02.287Z] error: <dockerStatusService> Error: connect ECONNREFUSED /var/run/docker.sock
    at PipeConnectWrap.afterConnect [as oncomplete] (node:net:1638:16)
    at PipeConnectWrap.callbackTrampoline (node:internal/async_hooks:130:17)
[2026-09-07T03:14:56.210Z] error: <dockerStatusService> Error: connect ECONNREFUSED /var/run/docker.sock
    at PipeConnectWrap.afterConnect [as oncomplete] (node:net:1638:16)
    at PipeConnectWrap.callbackTrampoline (node:internal/async_hooks:130:17)
[2026-09-07T03:14:56.216Z] error: <dockerStatusService> Error: connect ECONNREFUSED /var/run/docker.sock
    at PipeConnectWrap.afterConnect [as oncomplete] (node:net:1638:16)
    at PipeConnectWrap.callbackTrampoline (node:internal/async_hooks:130:17)
[2026-09-07T03:14:56.221Z] error: <dockerStatusService> Error: connect ECONNREFUSED /var/run/docker.sock
    at PipeConnectWrap.afterConnect [as oncomplete] (node:net:1638:16)
    at PipeConnectWrap.callbackTrampoline (node:internal/async_hooks:130:17)
[2026-09-07T03:14:56.224Z] error: <service-helpers> Error getting services from Docker server 'podman': Error: connect ECONNREFUSED /var/run/docker.sock
    at ignore-listed frames {
  errno: -111,
  code: 'ECONNREFUSED',
  syscall: 'connect',
  address: '/var/run/docker.sock'
}
[2026-09-07T03:14:56.225Z] error: <dockerStatusService> Error: connect ECONNREFUSED /var/run/docker.sock
    at PipeConnectWrap.afterConnect [as oncomplete] (node:net:1638:16)
    at PipeConnectWrap.callbackTrampoline (node:internal/async_hooks:130:17)
[2026-09-07T03:14:56.228Z] error: <dockerStatusService> Error: connect ECONNREFUSED /var/run/docker.sock
    at PipeConnectWrap.afterConnect [as oncomplete] (node:net:1638:16)
    at PipeConnectWrap.callbackTrampoline (node:internal/async_hooks:130:17)
[2026-09-07T03:14:56.232Z] error: <dockerStatusService> Error: connect ECONNREFUSED /var/run/docker.sock
    at PipeConnectWrap.afterConnect [as oncomplete] (node:net:1638:16)
    at PipeConnectWrap.callbackTrampoline (node:internal/async_hooks:130:17)
[2026-09-07T03:14:56.237Z] error: <dockerStatusService> Error: connect ECONNREFUSED /var/run/docker.sock
    at PipeConnectWrap.afterConnect [as oncomplete] (node:net:1638:16)
    at PipeConnectWrap.callbackTrampoline (node:internal/async_hooks:130:17)
[2026-09-07T03:14:56.240Z] error: <dockerStatusService> Error: connect ECONNREFUSED /var/run/docker.sock
    at PipeConnectWrap.afterConnect [as oncomplete] (node:net:1638:16)
    at PipeConnectWrap.callbackTrampoline (node:internal/async_hooks:130:17)
[2026-09-07T03:14:56.243Z] error: <dockerStatusService> Error: connect ECONNREFUSED /var/run/docker.sock
    at PipeConnectWrap.afterConnect [as oncomplete] (node:net:1638:16)
    at PipeConnectWrap.callbackTrampoline (node:internal/async_hooks:130:17)
[2026-09-07T03:14:56.248Z] error: <dockerStatusService> Error: connect ECONNREFUSED /var/run/docker.sock
    at PipeConnectWrap.afterConnect [as oncomplete] (node:net:1638:16)
    at PipeConnectWrap.callbackTrampoline (node:internal/async_hooks:130:17)
[2026-09-07T03:14:56.250Z] error: <dockerStatusService> Error: connect ECONNREFUSED /var/run/docker.sock
    at PipeConnectWrap.afterConnect [as oncomplete] (node:net:1638:16)
    at PipeConnectWrap.callbackTrampoline (node:internal/async_hooks:130:17)
[2026-09-07T03:14:56.252Z] error: <dockerStatusService> Error: connect ECONNREFUSED /var/run/docker.sock
    at PipeConnectWrap.afterConnect [as oncomplete] (node:net:1638:16)
    at PipeConnectWrap.callbackTrampoline (node:internal/async_hooks:130:17)
[2026-09-07T03:14:56.254Z] error: <dockerStatusService> Error: connect ECONNREFUSED /var/run/docker.sock
    at PipeConnectWrap.afterConnect [as oncomplete] (node:net:1638:16)
    at PipeConnectWrap.callbackTrampoline (node:internal/async_hooks:130:17)
[2026-09-07T03:14:56.257Z] error: <dockerStatusService> Error: connect ECONNREFUSED /var/run/docker.sock
    at PipeConnectWrap.afterConnect [as oncomplete] (node:net:1638:16)
    at PipeConnectWrap.callbackTrampoline (node:internal/async_hooks:130:17)
[2026-09-07T03:14:56.259Z] error: <dockerStatusService> Error: connect ECONNREFUSED /var/run/docker.sock
    at PipeConnectWrap.afterConnect [as oncomplete] (node:net:1638:16)
    at PipeConnectWrap.callbackTrampoline (node:internal/async_hooks:130:17)
[2026-09-07T03:14:56.261Z] error: <dockerStatusService> Error: connect ECONNREFUSED /var/run/docker.sock
    at PipeConnectWrap.afterConnect [as oncomplete] (node:net:1638:16)
    at PipeConnectWrap.callbackTrampoline (node:internal/async_hooks:130:17)
[2026-09-07T03:14:56.266Z] error: <dockerStatusService> Error: connect ECONNREFUSED /var/run/docker.sock
    at PipeConnectWrap.afterConnect [as oncomplete] (node:net:1638:16)
    at PipeConnectWrap.callbackTrampoline (node:internal/async_hooks:130:17)
[2026-09-07T03:14:56.269Z] error: <dockerStatusService> Error: connect ECONNREFUSED /var/run/docker.sock
    at PipeConnectWrap.afterConnect [as oncomplete] (node:net:1638:16)
    at PipeConnectWrap.callbackTrampoline (node:internal/async_hooks:130:17)
[2026-09-07T03:14:56.273Z] error: <dockerStatusService> Error: connect ECONNREFUSED /var/run/docker.sock
    at PipeConnectWrap.afterConnect [as oncomplete] (node:net:1638:16)
    at PipeConnectWrap.callbackTrampoline (node:internal/async_hooks:130:17)
[2026-09-07T03:18:45.704Z] error: <dockerStatusService> Error: connect ECONNREFUSED /var/run/docker.sock
    at PipeConnectWrap.afterConnect [as oncomplete] (node:net:1638:16)
    at PipeConnectWrap.callbackTrampoline (node:internal/async_hooks:130:17)
[2026-09-07T03:18:45.707Z] error: <dockerStatusService> Error: connect ECONNREFUSED /var/run/docker.sock
    at PipeConnectWrap.afterConnect [as oncomplete] (node:net:1638:16)
    at PipeConnectWrap.callbackTrampoline (node:internal/async_hooks:130:17)
[2026-09-07T03:18:45.713Z] error: <dockerStatusService> Error: connect ECONNREFUSED /var/run/docker.sock
    at PipeConnectWrap.afterConnect [as oncomplete] (node:net:1638:16)
    at PipeConnectWrap.callbackTrampoline (node:internal/async_hooks:130:17)
[2026-09-07T03:18:45.713Z] error: <dockerStatusService> Error: connect ECONNREFUSED /var/run/docker.sock
    at PipeConnectWrap.afterConnect [as oncomplete] (node:net:1638:16)
    at PipeConnectWrap.callbackTrampoline (node:internal/async_hooks:130:17)
[2026-09-07T03:18:45.718Z] error: <dockerStatusService> Error: connect ECONNREFUSED /var/run/docker.sock
    at PipeConnectWrap.afterConnect [as oncomplete] (node:net:1638:16)
    at PipeConnectWrap.callbackTrampoline (node:internal/async_hooks:130:17)
[2026-09-07T03:18:45.721Z] error: <dockerStatusService> Error: connect ECONNREFUSED /var/run/docker.sock
    at PipeConnectWrap.afterConnect [as oncomplete] (node:net:1638:16)
    at PipeConnectWrap.callbackTrampoline (node:internal/async_hooks:130:17)
[2026-09-07T03:18:45.726Z] error: <dockerStatusService> Error: connect ECONNREFUSED /var/run/docker.sock
    at PipeConnectWrap.afterConnect [as oncomplete] (node:net:1638:16)
    at PipeConnectWrap.callbackTrampoline (node:internal/async_hooks:130:17)
[2026-09-07T03:18:45.728Z] error: <dockerStatusService> Error: connect ECONNREFUSED /var/run/docker.sock
    at PipeConnectWrap.afterConnect [as oncomplete] (node:net:1638:16)
    at PipeConnectWrap.callbackTrampoline (node:internal/async_hooks:130:17)
[2026-09-07T03:18:45.731Z] error: <dockerStatusService> Error: connect ECONNREFUSED /var/run/docker.sock
    at PipeConnectWrap.afterConnect [as oncomplete] (node:net:1638:16)
    at PipeConnectWrap.callbackTrampoline (node:internal/async_hooks:130:17)
[2026-09-07T03:18:45.735Z] error: <dockerStatusService> Error: connect ECONNREFUSED /var/run/docker.sock
    at PipeConnectWrap.afterConnect [as oncomplete] (node:net:1638:16)
    at PipeConnectWrap.callbackTrampoline (node:internal/async_hooks:130:17)
[2026-09-07T03:18:45.737Z] error: <dockerStatusService> Error: connect ECONNREFUSED /var/run/docker.sock
    at PipeConnectWrap.afterConnect [as oncomplete] (node:net:1638:16)
    at PipeConnectWrap.callbackTrampoline (node:internal/async_hooks:130:17)
[2026-09-07T03:18:45.740Z] error: <dockerStatusService> Error: connect ECONNREFUSED /var/run/docker.sock
    at PipeConnectWrap.afterConnect [as oncomplete] (node:net:1638:16)
    at PipeConnectWrap.callbackTrampoline (node:internal/async_hooks:130:17)
[2026-09-07T03:18:45.742Z] error: <service-helpers> Error getting services from Docker server 'podman': Error: connect ECONNREFUSED /var/run/docker.sock
    at ignore-listed frames {
  errno: -111,
  code: 'ECONNREFUSED',
  syscall: 'connect',
  address: '/var/run/docker.sock'
}
[2026-09-07T03:18:45.743Z] error: <dockerStatusService> Error: connect ECONNREFUSED /var/run/docker.sock
    at PipeConnectWrap.afterConnect [as oncomplete] (node:net:1638:16)
    at PipeConnectWrap.callbackTrampoline (node:internal/async_hooks:130:17)
[2026-09-07T03:18:45.745Z] error: <dockerStatusService> Error: connect ECONNREFUSED /var/run/docker.sock
    at PipeConnectWrap.afterConnect [as oncomplete] (node:net:1638:16)
    at PipeConnectWrap.callbackTrampoline (node:internal/async_hooks:130:17)
[2026-09-07T03:18:45.750Z] error: <dockerStatusService> Error: connect ECONNREFUSED /var/run/docker.sock
    at PipeConnectWrap.afterConnect [as oncomplete] (node:net:1638:16)
    at PipeConnectWrap.callbackTrampoline (node:internal/async_hooks:130:17)
[2026-09-07T03:18:45.765Z] error: <dockerStatusService> Error: connect ECONNREFUSED /var/run/docker.sock
    at PipeConnectWrap.afterConnect [as oncomplete] (node:net:1638:16)
    at PipeConnectWrap.callbackTrampoline (node:internal/async_hooks:130:17)
[2026-09-07T03:18:45.768Z] error: <dockerStatusService> Error: connect ECONNREFUSED /var/run/docker.sock
    at PipeConnectWrap.afterConnect [as oncomplete] (node:net:1638:16)
    at PipeConnectWrap.callbackTrampoline (node:internal/async_hooks:130:17)
[2026-09-07T03:18:45.779Z] error: <dockerStatusService> Error: connect ECONNREFUSED /var/run/docker.sock
    at PipeConnectWrap.afterConnect [as oncomplete] (node:net:1638:16)
    at PipeConnectWrap.callbackTrampoline (node:internal/async_hooks:130:17)
[2026-09-07T03:18:45.784Z] error: <dockerStatusService> Error: connect ECONNREFUSED /var/run/docker.sock
    at PipeConnectWrap.afterConnect [as oncomplete] (node:net:1638:16)
    at PipeConnectWrap.callbackTrampoline (node:internal/async_hooks:130:17)
[2026-09-10T21:08:44.602Z] error: Host validation failed for: 10.89.0.85:3000. Hint: Set the HOMEPAGE_ALLOWED_HOSTS environment variable to allow requests from this host / port.
[2026-09-10T21:08:44.616Z] error: Host validation failed for: 10.89.0.85:3000. Hint: Set the HOMEPAGE_ALLOWED_HOSTS environment variable to allow requests from this host / port.
[2026-09-10T21:08:44.626Z] error: Host validation failed for: 10.89.0.85:3000. Hint: Set the HOMEPAGE_ALLOWED_HOSTS environment variable to allow requests from this host / port.
[2026-09-11T03:18:38.929Z] error: Failed to load services.yaml, please check for errors
[2026-09-11T03:18:38.930Z] error: TypeError: Cannot read properties of null (reading 'forEach')
[2026-09-11T03:18:39.350Z] error: <dockerStatuses> TypeError: Cannot read properties of null (reading 'forEach')
    at /app/.next/server/chunks/7572.js:1:10780
    at Array.map (<anonymous>)
    at a (/app/.next/server/chunks/7572.js:1:10726)
    at s (/app/.next/server/chunks/7572.js:1:11083)
    at async t (/app/.next/server/chunks/7572.js:1:11225)
    at async Promise.all (index 2)
    at async l (/app/.next/server/pages/api/docker/statuses.js:2:2302)
    at async h (/app/.next/server/pages/api/docker/statuses.js:2:5809)
    at async tO (/app/node_modules/.pnpm/next@16.3.3_@babel+core@7.29.7_supports-color@7.2.0__@types+node@26.2.0_react-dom@19.2.8_react@19.2.8__react@19.2.8/node_modules/next/dist/compiled/next-server/pages-api.runtime.prod.js:1:107982)
    at async tA.render (/app/node_modules/.pnpm/next@16.3.3_@babel+core@7.29.7_supports-color@7.2.0__@types+node@26.2.0_react-dom@19.2.8_react@19.2.8__react@19.2.8/node_modules/next/dist/compiled/next-server/pages-api.runtime.prod.js:1:108697)
[2026-09-11T14:49:06.180Z] error: Failed to load services.yaml, please check for errors
[2026-09-11T14:49:06.180Z] error: TypeError: Cannot read properties of null (reading 'forEach')
[2026-09-11T14:50:19.973Z] error: <dockerStatuses> TypeError: Cannot read properties of null (reading 'forEach')
    at /app/.next/server/chunks/7572.js:1:10780
    at Array.map (<anonymous>)
    at a (/app/.next/server/chunks/7572.js:1:10726)
    at s (/app/.next/server/chunks/7572.js:1:11083)
    at async t (/app/.next/server/chunks/7572.js:1:11225)
    at async Promise.all (index 2)
    at async l (/app/.next/server/pages/api/docker/statuses.js:2:2302)
    at async h (/app/.next/server/pages/api/docker/statuses.js:2:5809)
    at async tO (/app/node_modules/.pnpm/next@16.3.3_@babel+core@7.29.7_supports-color@7.2.0__@types+node@26.2.0_react-dom@19.2.8_react@19.2.8__react@19.2.8/node_modules/next/dist/compiled/next-server/pages-api.runtime.prod.js:1:107982)
    at async tA.render (/app/node_modules/.pnpm/next@16.3.3_@babel+core@7.29.7_supports-color@7.2.0__@types+node@26.2.0_react-dom@19.2.8_react@19.2.8__react@19.2.8/node_modules/next/dist/compiled/next-server/pages-api.runtime.prod.js:1:108697)
[2026-09-11T14:50:19.995Z] error: undefined
[2026-09-11T14:50:20.009Z] error: <servicesProxy> TypeError: Cannot read properties of null (reading 'forEach')
    at /app/.next/server/chunks/7572.js:1:10780
    at Array.map (<anonymous>)
    at a (/app/.next/server/chunks/7572.js:1:10726)
    at s (/app/.next/server/chunks/7572.js:1:11083)
    at async z (/app/.next/server/chunks/7572.js:1:13683)
    at async A (/app/.next/server/chunks/7572.js:1:13962)
    at async l (/app/.next/server/chunks/865.js:82:16800)
    at async tO (/app/node_modules/.pnpm/next@16.3.3_@babel+core@7.29.7_supports-color@7.2.0__@types+node@26.2.0_react-dom@19.2.8_react@19.2.8__react@19.2.8/node_modules/next/dist/compiled/next-server/pages-api.runtime.prod.js:1:107982)
    at async tA.render (/app/node_modules/.pnpm/next@16.3.3_@babel+core@7.29.7_supports-color@7.2.0__@types+node@26.2.0_react-dom@19.2.8_react@19.2.8__react@19.2.8/node_modules/next/dist/compiled/next-server/pages-api.runtime.prod.js:1:108697)
    at async Module.n (/app/.next/server/pages/api/services/proxy.js:1:2426)
[2026-09-11T14:50:20.029Z] error: undefined
[2026-09-11T14:50:20.044Z] error: undefined
[2026-09-11T14:50:20.156Z] error: Failed to load services.yaml, please check for errors
[2026-09-11T14:50:20.156Z] error: TypeError: Cannot read properties of null (reading 'forEach')
[2026-09-11T14:50:20.187Z] error: Failed to load services.yaml, please check for errors
[2026-09-11T14:50:20.187Z] error: TypeError: Cannot read properties of null (reading 'forEach')
[2026-09-11T14:50:20.621Z] error: <dockerStatuses> TypeError: Cannot read properties of null (reading 'forEach')
    at /app/.next/server/chunks/7572.js:1:10780
    at Array.map (<anonymous>)
    at a (/app/.next/server/chunks/7572.js:1:10726)
    at s (/app/.next/server/chunks/7572.js:1:11083)
    at async t (/app/.next/server/chunks/7572.js:1:11225)
    at async Promise.all (index 2)
    at async l (/app/.next/server/pages/api/docker/statuses.js:2:2302)
    at async h (/app/.next/server/pages/api/docker/statuses.js:2:5809)
    at async tO (/app/node_modules/.pnpm/next@16.3.3_@babel+core@7.29.7_supports-color@7.2.0__@types+node@26.2.0_react-dom@19.2.8_react@19.2.8__react@19.2.8/node_modules/next/dist/compiled/next-server/pages-api.runtime.prod.js:1:107982)
    at async tA.render (/app/node_modules/.pnpm/next@16.3.3_@babel+core@7.29.7_supports-color@7.2.0__@types+node@26.2.0_react-dom@19.2.8_react@19.2.8__react@19.2.8/node_modules/next/dist/compiled/next-server/pages-api.runtime.prod.js:1:108697)
[2026-09-11T14:50:20.666Z] error: Failed to load services.yaml, please check for errors
[2026-09-11T14:50:20.666Z] error: TypeError: Cannot read properties of null (reading 'forEach')
[2026-09-11T14:56:27.976Z] error: <dockerStatuses> TypeError: Cannot read properties of null (reading 'forEach')
    at /app/.next/server/chunks/7572.js:1:10780
    at Array.map (<anonymous>)
    at a (/app/.next/server/chunks/7572.js:1:10726)
    at s (/app/.next/server/chunks/7572.js:1:11083)
    at async t (/app/.next/server/chunks/7572.js:1:11225)
    at async Promise.all (index 2)
    at async l (/app/.next/server/pages/api/docker/statuses.js:2:2302)
    at async h (/app/.next/server/pages/api/docker/statuses.js:2:5809)
    at async tO (/app/node_modules/.pnpm/next@16.3.3_@babel+core@7.29.7_supports-color@7.2.0__@types+node@26.2.0_react-dom@19.2.8_react@19.2.8__react@19.2.8/node_modules/next/dist/compiled/next-server/pages-api.runtime.prod.js:1:107982)
    at async tA.render (/app/node_modules/.pnpm/next@16.3.3_@babel+core@7.29.7_supports-color@7.2.0__@types+node@26.2.0_react-dom@19.2.8_react@19.2.8__react@19.2.8/node_modules/next/dist/compiled/next-server/pages-api.runtime.prod.js:1:108697)
[2026-09-11T14:56:28.133Z] error: Failed to load services.yaml, please check for errors
[2026-09-11T14:56:28.133Z] error: TypeError: Cannot read properties of null (reading 'forEach')
[2026-09-11T14:56:48.473Z] error: <dockerStatuses> TypeError: Cannot read properties of null (reading 'forEach')
    at /app/.next/server/chunks/7572.js:1:10780
    at Array.map (<anonymous>)
    at a (/app/.next/server/chunks/7572.js:1:10726)
    at s (/app/.next/server/chunks/7572.js:1:11083)
    at async t (/app/.next/server/chunks/7572.js:1:11225)
    at async Promise.all (index 2)
    at async l (/app/.next/server/pages/api/docker/statuses.js:2:2302)
    at async h (/app/.next/server/pages/api/docker/statuses.js:2:5809)
    at async tO (/app/node_modules/.pnpm/next@16.3.3_@babel+core@7.29.7_supports-color@7.2.0__@types+node@26.2.0_react-dom@19.2.8_react@19.2.8__react@19.2.8/node_modules/next/dist/compiled/next-server/pages-api.runtime.prod.js:1:107982)
    at async tA.render (/app/node_modules/.pnpm/next@16.3.3_@babel+core@7.29.7_supports-color@7.2.0__@types+node@26.2.0_react-dom@19.2.8_react@19.2.8__react@19.2.8/node_modules/next/dist/compiled/next-server/pages-api.runtime.prod.js:1:108697)
[2026-09-11T14:56:48.536Z] error: Failed to load services.yaml, please check for errors
[2026-09-11T14:56:48.537Z] error: TypeError: Cannot read properties of null (reading 'forEach')
[2026-09-11T14:57:45.044Z] error: <dockerStatuses> TypeError: Cannot read properties of null (reading 'forEach')
    at /app/.next/server/chunks/7572.js:1:10780
    at Array.map (<anonymous>)
    at a (/app/.next/server/chunks/7572.js:1:10726)
    at s (/app/.next/server/chunks/7572.js:1:11083)
    at async t (/app/.next/server/chunks/7572.js:1:11225)
    at async Promise.all (index 2)
    at async l (/app/.next/server/pages/api/docker/statuses.js:2:2302)
    at async h (/app/.next/server/pages/api/docker/statuses.js:2:5809)
    at async tO (/app/node_modules/.pnpm/next@16.3.3_@babel+core@7.29.7_supports-color@7.2.0__@types+node@26.2.0_react-dom@19.2.8_react@19.2.8__react@19.2.8/node_modules/next/dist/compiled/next-server/pages-api.runtime.prod.js:1:107982)
    at async tA.render (/app/node_modules/.pnpm/next@16.3.3_@babel+core@7.29.7_supports-color@7.2.0__@types+node@26.2.0_react-dom@19.2.8_react@19.2.8__react@19.2.8/node_modules/next/dist/compiled/next-server/pages-api.runtime.prod.js:1:108697)
[2026-09-11T14:57:45.123Z] error: Failed to load services.yaml, please check for errors
[2026-09-11T14:57:45.123Z] error: TypeError: Cannot read properties of null (reading 'forEach')
[2026-09-11T14:59:13.443Z] error: <dockerStatuses> TypeError: Cannot read properties of null (reading 'forEach')
    at /app/.next/server/chunks/7572.js:1:10780
    at Array.map (<anonymous>)
    at a (/app/.next/server/chunks/7572.js:1:10726)
    at s (/app/.next/server/chunks/7572.js:1:11083)
    at async t (/app/.next/server/chunks/7572.js:1:11225)
    at async Promise.all (index 2)
    at async l (/app/.next/server/pages/api/docker/statuses.js:2:2302)
    at async h (/app/.next/server/pages/api/docker/statuses.js:2:5809)
    at async tO (/app/node_modules/.pnpm/next@16.3.3_@babel+core@7.29.7_supports-color@7.2.0__@types+node@26.2.0_react-dom@19.2.8_react@19.2.8__react@19.2.8/node_modules/next/dist/compiled/next-server/pages-api.runtime.prod.js:1:107982)
    at async tA.render (/app/node_modules/.pnpm/next@16.3.3_@babel+core@7.29.7_supports-color@7.2.0__@types+node@26.2.0_react-dom@19.2.8_react@19.2.8__react@19.2.8/node_modules/next/dist/compiled/next-server/pages-api.runtime.prod.js:1:108697)
[2026-09-11T14:59:14.008Z] error: Failed to load services.yaml, please check for errors
[2026-09-11T14:59:14.008Z] error: TypeError: Cannot read properties of null (reading 'forEach')
[2026-09-11T15:08:38.610Z] error: Failed to load services.yaml, please check for errors
[2026-09-11T15:08:38.611Z] error: TypeError: Cannot read properties of null (reading 'forEach')
[2026-09-27T00:54:02.062Z] error: Host validation failed for: home.hemati.com:8443. Hint: Set the HOMEPAGE_ALLOWED_HOSTS environment variable to allow requests from this host / port.
[2026-09-27T00:54:02.071Z] error: Host validation failed for: home.hemati.com:8443. Hint: Set the HOMEPAGE_ALLOWED_HOSTS environment variable to allow requests from this host / port.
[2026-09-27T00:54:02.276Z] error: Host validation failed for: home.hemati.com:8443. Hint: Set the HOMEPAGE_ALLOWED_HOSTS environment variable to allow requests from this host / port.
[2026-09-27T00:54:02.283Z] error: Host validation failed for: home.hemati.com:8443. Hint: Set the HOMEPAGE_ALLOWED_HOSTS environment variable to allow requests from this host / port.
[2026-09-27T00:54:02.288Z] error: Host validation failed for: home.hemati.com:8443. Hint: Set the HOMEPAGE_ALLOWED_HOSTS environment variable to allow requests from this host / port.
[2026-09-27T00:54:02.295Z] error: Host validation failed for: home.hemati.com:8443. Hint: Set the HOMEPAGE_ALLOWED_HOSTS environment variable to allow requests from this host / port.
[2026-09-27T00:54:02.454Z] error: Host validation failed for: home.hemati.com:8443. Hint: Set the HOMEPAGE_ALLOWED_HOSTS environment variable to allow requests from this host / port.
[2026-09-27T00:54:02.458Z] error: Host validation failed for: home.hemati.com:8443. Hint: Set the HOMEPAGE_ALLOWED_HOSTS environment variable to allow requests from this host / port.
[2026-09-27T00:54:02.496Z] error: Host validation failed for: home.hemati.com:8443. Hint: Set the HOMEPAGE_ALLOWED_HOSTS environment variable to allow requests from this host / port.
[2026-09-27T00:54:02.659Z] error: Host validation failed for: home.hemati.com:8443. Hint: Set the HOMEPAGE_ALLOWED_HOSTS environment variable to allow requests from this host / port.
[2026-09-27T00:54:02.682Z] error: Host validation failed for: home.hemati.com:8443. Hint: Set the HOMEPAGE_ALLOWED_HOSTS environment variable to allow requests from this host / port.
[2026-09-27T00:54:02.687Z] error: Host validation failed for: home.hemati.com:8443. Hint: Set the HOMEPAGE_ALLOWED_HOSTS environment variable to allow requests from this host / port.
[2026-09-27T00:54:02.729Z] error: Host validation failed for: home.hemati.com:8443. Hint: Set the HOMEPAGE_ALLOWED_HOSTS environment variable to allow requests from this host / port.
[2026-09-27T00:54:02.745Z] error: Host validation failed for: home.hemati.com:8443. Hint: Set the HOMEPAGE_ALLOWED_HOSTS environment variable to allow requests from this host / port.
[2026-09-27T00:54:02.762Z] error: Host validation failed for: home.hemati.com:8443. Hint: Set the HOMEPAGE_ALLOWED_HOSTS environment variable to allow requests from this host / port.
[2026-09-27T00:54:02.872Z] error: Host validation failed for: home.hemati.com:8443. Hint: Set the HOMEPAGE_ALLOWED_HOSTS environment variable to allow requests from this host / port.
[2026-09-27T00:54:02.884Z] error: Host validation failed for: home.hemati.com:8443. Hint: Set the HOMEPAGE_ALLOWED_HOSTS environment variable to allow requests from this host / port.
[2026-09-27T00:54:02.909Z] error: Host validation failed for: home.hemati.com:8443. Hint: Set the HOMEPAGE_ALLOWED_HOSTS environment variable to allow requests from this host / port.
[2026-09-27T00:54:02.942Z] error: Host validation failed for: home.hemati.com:8443. Hint: Set the HOMEPAGE_ALLOWED_HOSTS environment variable to allow requests from this host / port.
[2026-09-27T00:54:02.961Z] error: Host validation failed for: home.hemati.com:8443. Hint: Set the HOMEPAGE_ALLOWED_HOSTS environment variable to allow requests from this host / port.
[2026-09-27T00:54:02.981Z] error: Host validation failed for: home.hemati.com:8443. Hint: Set the HOMEPAGE_ALLOWED_HOSTS environment variable to allow requests from this host / port.
[2026-09-27T00:54:03.084Z] error: Host validation failed for: home.hemati.com:8443. Hint: Set the HOMEPAGE_ALLOWED_HOSTS environment variable to allow requests from this host / port.
[2026-09-27T00:54:03.112Z] error: Host validation failed for: home.hemati.com:8443. Hint: Set the HOMEPAGE_ALLOWED_HOSTS environment variable to allow requests from this host / port.
[2026-09-27T00:54:03.132Z] error: Host validation failed for: home.hemati.com:8443. Hint: Set the HOMEPAGE_ALLOWED_HOSTS environment variable to allow requests from this host / port.
[2026-09-27T00:54:03.176Z] error: Host validation failed for: home.hemati.com:8443. Hint: Set the HOMEPAGE_ALLOWED_HOSTS environment variable to allow requests from this host / port.
[2026-09-27T00:54:03.179Z] error: Host validation failed for: home.hemati.com:8443. Hint: Set the HOMEPAGE_ALLOWED_HOSTS environment variable to allow requests from this host / port.
[2026-09-27T00:54:03.194Z] error: Host validation failed for: home.hemati.com:8443. Hint: Set the HOMEPAGE_ALLOWED_HOSTS environment variable to allow requests from this host / port.
[2026-09-27T00:54:03.327Z] error: Host validation failed for: home.hemati.com:8443. Hint: Set the HOMEPAGE_ALLOWED_HOSTS environment variable to allow requests from this host / port.
[2026-09-27T00:54:03.330Z] error: Host validation failed for: home.hemati.com:8443. Hint: Set the HOMEPAGE_ALLOWED_HOSTS environment variable to allow requests from this host / port.
[2026-09-27T00:54:03.354Z] error: Host validation failed for: home.hemati.com:8443. Hint: Set the HOMEPAGE_ALLOWED_HOSTS environment variable to allow requests from this host / port.
[2026-09-27T00:54:03.386Z] error: Host validation failed for: home.hemati.com:8443. Hint: Set the HOMEPAGE_ALLOWED_HOSTS environment variable to allow requests from this host / port.
[2026-09-27T00:54:03.389Z] error: Host validation failed for: home.hemati.com:8443. Hint: Set the HOMEPAGE_ALLOWED_HOSTS environment variable to allow requests from this host / port.
[2026-09-27T00:54:03.436Z] error: Host validation failed for: home.hemati.com:8443. Hint: Set the HOMEPAGE_ALLOWED_HOSTS environment variable to allow requests from this host / port.
[2026-09-27T00:54:03.539Z] error: Host validation failed for: home.hemati.com:8443. Hint: Set the HOMEPAGE_ALLOWED_HOSTS environment variable to allow requests from this host / port.
[2026-09-27T00:54:03.555Z] error: Host validation failed for: home.hemati.com:8443. Hint: Set the HOMEPAGE_ALLOWED_HOSTS environment variable to allow requests from this host / port.
[2026-09-27T00:54:03.569Z] error: Host validation failed for: home.hemati.com:8443. Hint: Set the HOMEPAGE_ALLOWED_HOSTS environment variable to allow requests from this host / port.
[2026-09-27T00:54:03.603Z] error: Host validation failed for: home.hemati.com:8443. Hint: Set the HOMEPAGE_ALLOWED_HOSTS environment variable to allow requests from this host / port.
[2026-09-27T00:54:03.634Z] error: Host validation failed for: home.hemati.com:8443. Hint: Set the HOMEPAGE_ALLOWED_HOSTS environment variable to allow requests from this host / port.
[2026-09-27T00:54:03.681Z] error: Host validation failed for: home.hemati.com:8443. Hint: Set the HOMEPAGE_ALLOWED_HOSTS environment variable to allow requests from this host / port.
[2026-09-27T00:54:03.764Z] error: Host validation failed for: home.hemati.com:8443. Hint: Set the HOMEPAGE_ALLOWED_HOSTS environment variable to allow requests from this host / port.
[2026-09-27T00:54:03.791Z] error: Host validation failed for: home.hemati.com:8443. Hint: Set the HOMEPAGE_ALLOWED_HOSTS environment variable to allow requests from this host / port.
[2026-09-27T00:54:03.795Z] error: Host validation failed for: home.hemati.com:8443. Hint: Set the HOMEPAGE_ALLOWED_HOSTS environment variable to allow requests from this host / port.
[2026-09-27T00:54:03.826Z] error: Host validation failed for: home.hemati.com:8443. Hint: Set the HOMEPAGE_ALLOWED_HOSTS environment variable to allow requests from this host / port.
[2026-09-27T00:54:03.833Z] error: Host validation failed for: home.hemati.com:8443. Hint: Set the HOMEPAGE_ALLOWED_HOSTS environment variable to allow requests from this host / port.
[2026-09-27T00:54:03.895Z] error: Host validation failed for: home.hemati.com:8443. Hint: Set the HOMEPAGE_ALLOWED_HOSTS environment variable to allow requests from this host / port.
[2026-09-27T00:54:03.993Z] error: Host validation failed for: home.hemati.com:8443. Hint: Set the HOMEPAGE_ALLOWED_HOSTS environment variable to allow requests from this host / port.
[2026-09-27T00:54:03.999Z] error: Host validation failed for: home.hemati.com:8443. Hint: Set the HOMEPAGE_ALLOWED_HOSTS environment variable to allow requests from this host / port.
[2026-09-27T00:54:04.008Z] error: Host validation failed for: home.hemati.com:8443. Hint: Set the HOMEPAGE_ALLOWED_HOSTS environment variable to allow requests from this host / port.
[2026-09-27T00:54:04.061Z] error: Host validation failed for: home.hemati.com:8443. Hint: Set the HOMEPAGE_ALLOWED_HOSTS environment variable to allow requests from this host / port.
[2026-09-27T00:54:04.064Z] error: Host validation failed for: home.hemati.com:8443. Hint: Set the HOMEPAGE_ALLOWED_HOSTS environment variable to allow requests from this host / port.
[2026-09-27T00:54:04.094Z] error: Host validation failed for: home.hemati.com:8443. Hint: Set the HOMEPAGE_ALLOWED_HOSTS environment variable to allow requests from this host / port.
[2026-09-27T00:54:04.211Z] error: Host validation failed for: home.hemati.com:8443. Hint: Set the HOMEPAGE_ALLOWED_HOSTS environment variable to allow requests from this host / port.
[2026-09-27T00:54:04.228Z] error: Host validation failed for: home.hemati.com:8443. Hint: Set the HOMEPAGE_ALLOWED_HOSTS environment variable to allow requests from this host / port.
[2026-09-27T00:54:04.246Z] error: Host validation failed for: home.hemati.com:8443. Hint: Set the HOMEPAGE_ALLOWED_HOSTS environment variable to allow requests from this host / port.
[2026-09-27T00:54:04.282Z] error: Host validation failed for: home.hemati.com:8443. Hint: Set the HOMEPAGE_ALLOWED_HOSTS environment variable to allow requests from this host / port.
[2026-09-27T00:54:04.284Z] error: Host validation failed for: home.hemati.com:8443. Hint: Set the HOMEPAGE_ALLOWED_HOSTS environment variable to allow requests from this host / port.
[2026-09-27T00:54:04.321Z] error: Host validation failed for: home.hemati.com:8443. Hint: Set the HOMEPAGE_ALLOWED_HOSTS environment variable to allow requests from this host / port.
[2026-09-27T00:54:04.421Z] error: Host validation failed for: home.hemati.com:8443. Hint: Set the HOMEPAGE_ALLOWED_HOSTS environment variable to allow requests from this host / port.
[2026-09-27T00:54:04.430Z] error: Host validation failed for: home.hemati.com:8443. Hint: Set the HOMEPAGE_ALLOWED_HOSTS environment variable to allow requests from this host / port.
[2026-09-27T00:54:04.447Z] error: Host validation failed for: home.hemati.com:8443. Hint: Set the HOMEPAGE_ALLOWED_HOSTS environment variable to allow requests from this host / port.
[2026-09-27T00:54:04.498Z] error: Host validation failed for: home.hemati.com:8443. Hint: Set the HOMEPAGE_ALLOWED_HOSTS environment variable to allow requests from this host / port.
[2026-09-27T00:54:04.508Z] error: Host validation failed for: home.hemati.com:8443. Hint: Set the HOMEPAGE_ALLOWED_HOSTS environment variable to allow requests from this host / port.
[2026-09-27T00:54:04.525Z] error: Host validation failed for: home.hemati.com:8443. Hint: Set the HOMEPAGE_ALLOWED_HOSTS environment variable to allow requests from this host / port.
[2026-09-27T00:54:04.635Z] error: Host validation failed for: home.hemati.com:8443. Hint: Set the HOMEPAGE_ALLOWED_HOSTS environment variable to allow requests from this host / port.
[2026-09-27T00:54:04.638Z] error: Host validation failed for: home.hemati.com:8443. Hint: Set the HOMEPAGE_ALLOWED_HOSTS environment variable to allow requests from this host / port.
[2026-09-27T00:54:04.649Z] error: Host validation failed for: home.hemati.com:8443. Hint: Set the HOMEPAGE_ALLOWED_HOSTS environment variable to allow requests from this host / port.
[2026-09-27T00:54:04.716Z] error: Host validation failed for: home.hemati.com:8443. Hint: Set the HOMEPAGE_ALLOWED_HOSTS environment variable to allow requests from this host / port.
[2026-09-27T00:54:04.735Z] error: Host validation failed for: home.hemati.com:8443. Hint: Set the HOMEPAGE_ALLOWED_HOSTS environment variable to allow requests from this host / port.
[2026-09-27T00:54:04.769Z] error: Host validation failed for: home.hemati.com:8443. Hint: Set the HOMEPAGE_ALLOWED_HOSTS environment variable to allow requests from this host / port.
[2026-09-27T00:54:04.866Z] error: Host validation failed for: home.hemati.com:8443. Hint: Set the HOMEPAGE_ALLOWED_HOSTS environment variable to allow requests from this host / port.
[2026-09-27T00:54:04.882Z] error: Host validation failed for: home.hemati.com:8443. Hint: Set the HOMEPAGE_ALLOWED_HOSTS environment variable to allow requests from this host / port.
[2026-09-27T00:54:04.894Z] error: Host validation failed for: home.hemati.com:8443. Hint: Set the HOMEPAGE_ALLOWED_HOSTS environment variable to allow requests from this host / port.
[2026-09-27T00:54:04.930Z] error: Host validation failed for: home.hemati.com:8443. Hint: Set the HOMEPAGE_ALLOWED_HOSTS environment variable to allow requests from this host / port.
[2026-09-27T00:54:04.934Z] error: Host validation failed for: home.hemati.com:8443. Hint: Set the HOMEPAGE_ALLOWED_HOSTS environment variable to allow requests from this host / port.
[2026-09-27T00:54:05.006Z] error: Host validation failed for: home.hemati.com:8443. Hint: Set the HOMEPAGE_ALLOWED_HOSTS environment variable to allow requests from this host / port.
[2026-09-27T00:54:05.069Z] error: Host validation failed for: home.hemati.com:8443. Hint: Set the HOMEPAGE_ALLOWED_HOSTS environment variable to allow requests from this host / port.
[2026-09-27T00:54:05.117Z] error: Host validation failed for: home.hemati.com:8443. Hint: Set the HOMEPAGE_ALLOWED_HOSTS environment variable to allow requests from this host / port.
[2026-09-27T00:54:05.129Z] error: Host validation failed for: home.hemati.com:8443. Hint: Set the HOMEPAGE_ALLOWED_HOSTS environment variable to allow requests from this host / port.
[2026-09-27T00:54:05.155Z] error: Host validation failed for: home.hemati.com:8443. Hint: Set the HOMEPAGE_ALLOWED_HOSTS environment variable to allow requests from this host / port.
[2026-09-27T00:54:05.192Z] error: Host validation failed for: home.hemati.com:8443. Hint: Set the HOMEPAGE_ALLOWED_HOSTS environment variable to allow requests from this host / port.
[2026-09-27T00:54:05.283Z] error: Host validation failed for: home.hemati.com:8443. Hint: Set the HOMEPAGE_ALLOWED_HOSTS environment variable to allow requests from this host / port.
[2026-09-27T00:54:05.299Z] error: Host validation failed for: home.hemati.com:8443. Hint: Set the HOMEPAGE_ALLOWED_HOSTS environment variable to allow requests from this host / port.
[2026-09-27T00:54:05.343Z] error: Host validation failed for: home.hemati.com:8443. Hint: Set the HOMEPAGE_ALLOWED_HOSTS environment variable to allow requests from this host / port.
[2026-09-27T00:54:05.346Z] error: Host validation failed for: home.hemati.com:8443. Hint: Set the HOMEPAGE_ALLOWED_HOSTS environment variable to allow requests from this host / port.
[2026-09-27T00:54:05.410Z] error: Host validation failed for: home.hemati.com:8443. Hint: Set the HOMEPAGE_ALLOWED_HOSTS environment variable to allow requests from this host / port.
[2026-09-27T00:54:05.522Z] error: Host validation failed for: home.hemati.com:8443. Hint: Set the HOMEPAGE_ALLOWED_HOSTS environment variable to allow requests from this host / port.
[2026-09-27T00:54:05.529Z] error: Host validation failed for: home.hemati.com:8443. Hint: Set the HOMEPAGE_ALLOWED_HOSTS environment variable to allow requests from this host / port.
[2026-09-27T00:54:05.542Z] error: Host validation failed for: home.hemati.com:8443. Hint: Set the HOMEPAGE_ALLOWED_HOSTS environment variable to allow requests from this host / port.
[2026-09-27T00:54:05.555Z] error: Host validation failed for: home.hemati.com:8443. Hint: Set the HOMEPAGE_ALLOWED_HOSTS environment variable to allow requests from this host / port.
[2026-09-27T00:54:05.583Z] error: Host validation failed for: home.hemati.com:8443. Hint: Set the HOMEPAGE_ALLOWED_HOSTS environment variable to allow requests from this host / port.
[2026-09-27T00:54:05.626Z] error: Host validation failed for: home.hemati.com:8443. Hint: Set the HOMEPAGE_ALLOWED_HOSTS environment variable to allow requests from this host / port.
[2026-09-27T00:54:05.726Z] error: Host validation failed for: home.hemati.com:8443. Hint: Set the HOMEPAGE_ALLOWED_HOSTS environment variable to allow requests from this host / port.
[2026-09-27T00:54:05.748Z] error: Host validation failed for: home.hemati.com:8443. Hint: Set the HOMEPAGE_ALLOWED_HOSTS environment variable to allow requests from this host / port.
[2026-09-27T00:54:05.756Z] error: Host validation failed for: home.hemati.com:8443. Hint: Set the HOMEPAGE_ALLOWED_HOSTS environment variable to allow requests from this host / port.
[2026-09-27T00:54:05.790Z] error: Host validation failed for: home.hemati.com:8443. Hint: Set the HOMEPAGE_ALLOWED_HOSTS environment variable to allow requests from this host / port.
[2026-09-27T00:54:05.876Z] error: Host validation failed for: home.hemati.com:8443. Hint: Set the HOMEPAGE_ALLOWED_HOSTS environment variable to allow requests from this host / port.
[2026-09-27T00:54:05.932Z] error: Host validation failed for: home.hemati.com:8443. Hint: Set the HOMEPAGE_ALLOWED_HOSTS environment variable to allow requests from this host / port.
[2026-09-27T00:54:05.954Z] error: Host validation failed for: home.hemati.com:8443. Hint: Set the HOMEPAGE_ALLOWED_HOSTS environment variable to allow requests from this host / port.
[2026-09-27T00:54:05.959Z] error: Host validation failed for: home.hemati.com:8443. Hint: Set the HOMEPAGE_ALLOWED_HOSTS environment variable to allow requests from this host / port.
[2026-09-27T00:54:05.971Z] error: Host validation failed for: home.hemati.com:8443. Hint: Set the HOMEPAGE_ALLOWED_HOSTS environment variable to allow requests from this host / port.
[2026-09-27T00:54:06.041Z] error: Host validation failed for: home.hemati.com:8443. Hint: Set the HOMEPAGE_ALLOWED_HOSTS environment variable to allow requests from this host / port.
[2026-09-27T00:54:06.091Z] error: Host validation failed for: home.hemati.com:8443. Hint: Set the HOMEPAGE_ALLOWED_HOSTS environment variable to allow requests from this host / port.
[2026-09-27T00:54:06.127Z] error: Host validation failed for: home.hemati.com:8443. Hint: Set the HOMEPAGE_ALLOWED_HOSTS environment variable to allow requests from this host / port.
[2026-09-27T00:54:06.150Z] error: Host validation failed for: home.hemati.com:8443. Hint: Set the HOMEPAGE_ALLOWED_HOSTS environment variable to allow requests from this host / port.
[2026-09-27T00:54:06.173Z] error: Host validation failed for: home.hemati.com:8443. Hint: Set the HOMEPAGE_ALLOWED_HOSTS environment variable to allow requests from this host / port.
[2026-09-27T00:54:06.341Z] error: Host validation failed for: home.hemati.com:8443. Hint: Set the HOMEPAGE_ALLOWED_HOSTS environment variable to allow requests from this host / port.
[2026-09-27T00:54:06.346Z] error: Host validation failed for: home.hemati.com:8443. Hint: Set the HOMEPAGE_ALLOWED_HOSTS environment variable to allow requests from this host / port.
[2026-09-27T00:54:06.408Z] error: Host validation failed for: home.hemati.com:8443. Hint: Set the HOMEPAGE_ALLOWED_HOSTS environment variable to allow requests from this host / port.
[2026-09-27T00:54:06.436Z] error: Host validation failed for: home.hemati.com:8443. Hint: Set the HOMEPAGE_ALLOWED_HOSTS environment variable to allow requests from this host / port.
[2026-09-27T00:54:06.467Z] error: Host validation failed for: home.hemati.com:8443. Hint: Set the HOMEPAGE_ALLOWED_HOSTS environment variable to allow requests from this host / port.
[2026-09-27T00:54:06.757Z] error: Host validation failed for: home.hemati.com:8443. Hint: Set the HOMEPAGE_ALLOWED_HOSTS environment variable to allow requests from this host / port.
[2026-09-27T00:54:06.777Z] error: Host validation failed for: home.hemati.com:8443. Hint: Set the HOMEPAGE_ALLOWED_HOSTS environment variable to allow requests from this host / port.
[2026-09-27T00:54:06.778Z] error: Host validation failed for: home.hemati.com:8443. Hint: Set the HOMEPAGE_ALLOWED_HOSTS environment variable to allow requests from this host / port.
[2026-09-27T00:54:06.781Z] error: Host validation failed for: home.hemati.com:8443. Hint: Set the HOMEPAGE_ALLOWED_HOSTS environment variable to allow requests from this host / port.
[2026-09-27T00:54:06.819Z] error: Host validation failed for: home.hemati.com:8443. Hint: Set the HOMEPAGE_ALLOWED_HOSTS environment variable to allow requests from this host / port.
[2026-09-27T00:54:06.975Z] error: Host validation failed for: home.hemati.com:8443. Hint: Set the HOMEPAGE_ALLOWED_HOSTS environment variable to allow requests from this host / port.
[2026-09-27T00:54:06.981Z] error: Host validation failed for: home.hemati.com:8443. Hint: Set the HOMEPAGE_ALLOWED_HOSTS environment variable to allow requests from this host / port.
[2026-09-27T00:54:06.983Z] error: Host validation failed for: home.hemati.com:8443. Hint: Set the HOMEPAGE_ALLOWED_HOSTS environment variable to allow requests from this host / port.
[2026-09-27T00:54:06.999Z] error: Host validation failed for: home.hemati.com:8443. Hint: Set the HOMEPAGE_ALLOWED_HOSTS environment variable to allow requests from this host / port.
[2026-09-27T00:54:07.022Z] error: Host validation failed for: home.hemati.com:8443. Hint: Set the HOMEPAGE_ALLOWED_HOSTS environment variable to allow requests from this host / port.
[2026-09-27T00:54:07.123Z] error: Host validation failed for: home.hemati.com:8443. Hint: Set the HOMEPAGE_ALLOWED_HOSTS environment variable to allow requests from this host / port.
[2026-09-27T00:54:07.183Z] error: Host validation failed for: home.hemati.com:8443. Hint: Set the HOMEPAGE_ALLOWED_HOSTS environment variable to allow requests from this host / port.
[2026-09-27T00:54:07.187Z] error: Host validation failed for: home.hemati.com:8443. Hint: Set the HOMEPAGE_ALLOWED_HOSTS environment variable to allow requests from this host / port.
[2026-09-27T00:54:07.206Z] error: Host validation failed for: home.hemati.com:8443. Hint: Set the HOMEPAGE_ALLOWED_HOSTS environment variable to allow requests from this host / port.
[2026-09-27T00:54:07.216Z] error: Host validation failed for: home.hemati.com:8443. Hint: Set the HOMEPAGE_ALLOWED_HOSTS environment variable to allow requests from this host / port.
[2026-09-27T00:54:07.222Z] error: Host validation failed for: home.hemati.com:8443. Hint: Set the HOMEPAGE_ALLOWED_HOSTS environment variable to allow requests from this host / port.
[2026-09-27T00:54:07.311Z] error: Host validation failed for: home.hemati.com:8443. Hint: Set the HOMEPAGE_ALLOWED_HOSTS environment variable to allow requests from this host / port.
[2026-09-27T00:54:07.393Z] error: Host validation failed for: home.hemati.com:8443. Hint: Set the HOMEPAGE_ALLOWED_HOSTS environment variable to allow requests from this host / port.
[2026-09-27T00:54:07.398Z] error: Host validation failed for: home.hemati.com:8443. Hint: Set the HOMEPAGE_ALLOWED_HOSTS environment variable to allow requests from this host / port.
[2026-09-27T00:54:07.400Z] error: Host validation failed for: home.hemati.com:8443. Hint: Set the HOMEPAGE_ALLOWED_HOSTS environment variable to allow requests from this host / port.
[2026-09-27T00:54:07.413Z] error: Host validation failed for: home.hemati.com:8443. Hint: Set the HOMEPAGE_ALLOWED_HOSTS environment variable to allow requests from this host / port.
[2026-09-27T00:54:07.416Z] error: Host validation failed for: home.hemati.com:8443. Hint: Set the HOMEPAGE_ALLOWED_HOSTS environment variable to allow requests from this host / port.
[2026-09-27T00:54:07.544Z] error: Host validation failed for: home.hemati.com:8443. Hint: Set the HOMEPAGE_ALLOWED_HOSTS environment variable to allow requests from this host / port.
[2026-09-27T00:54:07.585Z] error: Host validation failed for: home.hemati.com:8443. Hint: Set the HOMEPAGE_ALLOWED_HOSTS environment variable to allow requests from this host / port.
[2026-09-27T00:54:07.611Z] error: Host validation failed for: home.hemati.com:8443. Hint: Set the HOMEPAGE_ALLOWED_HOSTS environment variable to allow requests from this host / port.
[2026-09-27T00:54:07.613Z] error: Host validation failed for: home.hemati.com:8443. Hint: Set the HOMEPAGE_ALLOWED_HOSTS environment variable to allow requests from this host / port.
[2026-09-27T00:54:07.623Z] error: Host validation failed for: home.hemati.com:8443. Hint: Set the HOMEPAGE_ALLOWED_HOSTS environment variable to allow requests from this host / port.
[2026-09-27T00:54:07.781Z] error: Host validation failed for: home.hemati.com:8443. Hint: Set the HOMEPAGE_ALLOWED_HOSTS environment variable to allow requests from this host / port.
[2026-09-27T00:54:07.813Z] error: Host validation failed for: home.hemati.com:8443. Hint: Set the HOMEPAGE_ALLOWED_HOSTS environment variable to allow requests from this host / port.
[2026-09-27T00:54:07.848Z] error: Host validation failed for: home.hemati.com:8443. Hint: Set the HOMEPAGE_ALLOWED_HOSTS environment variable to allow requests from this host / port.
[2026-09-27T00:54:07.882Z] error: Host validation failed for: home.hemati.com:8443. Hint: Set the HOMEPAGE_ALLOWED_HOSTS environment variable to allow requests from this host / port.
[2026-09-27T00:54:07.990Z] error: Host validation failed for: home.hemati.com:8443. Hint: Set the HOMEPAGE_ALLOWED_HOSTS environment variable to allow requests from this host / port.
[2026-09-27T00:54:07.997Z] error: Host validation failed for: home.hemati.com:8443. Hint: Set the HOMEPAGE_ALLOWED_HOSTS environment variable to allow requests from this host / port.
[2026-09-27T00:54:08.032Z] error: Host validation failed for: home.hemati.com:8443. Hint: Set the HOMEPAGE_ALLOWED_HOSTS environment variable to allow requests from this host / port.
[2026-09-27T00:54:08.079Z] error: Host validation failed for: home.hemati.com:8443. Hint: Set the HOMEPAGE_ALLOWED_HOSTS environment variable to allow requests from this host / port.
[2026-09-27T00:54:08.096Z] error: Host validation failed for: home.hemati.com:8443. Hint: Set the HOMEPAGE_ALLOWED_HOSTS environment variable to allow requests from this host / port.
[2026-09-27T00:54:08.114Z] error: Host validation failed for: home.hemati.com:8443. Hint: Set the HOMEPAGE_ALLOWED_HOSTS environment variable to allow requests from this host / port.
[2026-09-27T00:54:08.196Z] error: Host validation failed for: home.hemati.com:8443. Hint: Set the HOMEPAGE_ALLOWED_HOSTS environment variable to allow requests from this host / port.
[2026-09-27T00:54:08.248Z] error: Host validation failed for: home.hemati.com:8443. Hint: Set the HOMEPAGE_ALLOWED_HOSTS environment variable to allow requests from this host / port.
[2026-09-27T00:54:08.301Z] error: Host validation failed for: home.hemati.com:8443. Hint: Set the HOMEPAGE_ALLOWED_HOSTS environment variable to allow requests from this host / port.
[2026-09-27T00:54:08.310Z] error: Host validation failed for: home.hemati.com:8443. Hint: Set the HOMEPAGE_ALLOWED_HOSTS environment variable to allow requests from this host / port.
[2026-09-27T00:54:08.312Z] error: Host validation failed for: home.hemati.com:8443. Hint: Set the HOMEPAGE_ALLOWED_HOSTS environment variable to allow requests from this host / port.
[2026-09-27T00:54:08.387Z] error: Host validation failed for: home.hemati.com:8443. Hint: Set the HOMEPAGE_ALLOWED_HOSTS environment variable to allow requests from this host / port.
[2026-09-27T00:54:08.390Z] error: Host validation failed for: home.hemati.com:8443. Hint: Set the HOMEPAGE_ALLOWED_HOSTS environment variable to allow requests from this host / port.
[2026-09-27T00:54:08.444Z] error: Host validation failed for: home.hemati.com:8443. Hint: Set the HOMEPAGE_ALLOWED_HOSTS environment variable to allow requests from this host / port.
[2026-09-27T00:54:08.511Z] error: Host validation failed for: home.hemati.com:8443. Hint: Set the HOMEPAGE_ALLOWED_HOSTS environment variable to allow requests from this host / port.
[2026-09-27T00:54:08.513Z] error: Host validation failed for: home.hemati.com:8443. Hint: Set the HOMEPAGE_ALLOWED_HOSTS environment variable to allow requests from this host / port.
[2026-09-27T00:54:08.515Z] error: Host validation failed for: home.hemati.com:8443. Hint: Set the HOMEPAGE_ALLOWED_HOSTS environment variable to allow requests from this host / port.
[2026-09-27T00:54:08.600Z] error: Host validation failed for: home.hemati.com:8443. Hint: Set the HOMEPAGE_ALLOWED_HOSTS environment variable to allow requests from this host / port.
[2026-09-27T00:54:08.627Z] error: Host validation failed for: home.hemati.com:8443. Hint: Set the HOMEPAGE_ALLOWED_HOSTS environment variable to allow requests from this host / port.
[2026-09-27T00:54:08.644Z] error: Host validation failed for: home.hemati.com:8443. Hint: Set the HOMEPAGE_ALLOWED_HOSTS environment variable to allow requests from this host / port.
[2026-09-27T00:54:08.713Z] error: Host validation failed for: home.hemati.com:8443. Hint: Set the HOMEPAGE_ALLOWED_HOSTS environment variable to allow requests from this host / port.
[2026-09-27T00:54:08.732Z] error: Host validation failed for: home.hemati.com:8443. Hint: Set the HOMEPAGE_ALLOWED_HOSTS environment variable to allow requests from this host / port.
[2026-09-27T00:54:08.747Z] error: Host validation failed for: home.hemati.com:8443. Hint: Set the HOMEPAGE_ALLOWED_HOSTS environment variable to allow requests from this host / port.
[2026-09-27T00:54:08.796Z] error: Host validation failed for: home.hemati.com:8443. Hint: Set the HOMEPAGE_ALLOWED_HOSTS environment variable to allow requests from this host / port.
[2026-09-27T00:54:08.831Z] error: Host validation failed for: home.hemati.com:8443. Hint: Set the HOMEPAGE_ALLOWED_HOSTS environment variable to allow requests from this host / port.
[2026-09-27T00:54:08.849Z] error: Host validation failed for: home.hemati.com:8443. Hint: Set the HOMEPAGE_ALLOWED_HOSTS environment variable to allow requests from this host / port.
[2026-09-27T00:54:08.919Z] error: Host validation failed for: home.hemati.com:8443. Hint: Set the HOMEPAGE_ALLOWED_HOSTS environment variable to allow requests from this host / port.
[2026-09-27T00:54:08.939Z] error: Host validation failed for: home.hemati.com:8443. Hint: Set the HOMEPAGE_ALLOWED_HOSTS environment variable to allow requests from this host / port.
[2026-09-27T00:54:09.008Z] error: Host validation failed for: home.hemati.com:8443. Hint: Set the HOMEPAGE_ALLOWED_HOSTS environment variable to allow requests from this host / port.
[2026-09-27T00:54:09.045Z] error: Host validation failed for: home.hemati.com:8443. Hint: Set the HOMEPAGE_ALLOWED_HOSTS environment variable to allow requests from this host / port.
[2026-09-27T00:54:09.074Z] error: Host validation failed for: home.hemati.com:8443. Hint: Set the HOMEPAGE_ALLOWED_HOSTS environment variable to allow requests from this host / port.
[2026-09-27T00:54:09.146Z] error: Host validation failed for: home.hemati.com:8443. Hint: Set the HOMEPAGE_ALLOWED_HOSTS environment variable to allow requests from this host / port.
[2026-09-27T00:54:09.475Z] error: Host validation failed for: home.hemati.com:8443. Hint: Set the HOMEPAGE_ALLOWED_HOSTS environment variable to allow requests from this host / port.
[2026-09-27T00:54:09.725Z] error: Host validation failed for: home.hemati.com:8443. Hint: Set the HOMEPAGE_ALLOWED_HOSTS environment variable to allow requests from this host / port.
[2026-09-27T00:54:09.939Z] error: Host validation failed for: home.hemati.com:8443. Hint: Set the HOMEPAGE_ALLOWED_HOSTS environment variable to allow requests from this host / port.
[2026-09-27T00:54:10.181Z] error: Host validation failed for: home.hemati.com:8443. Hint: Set the HOMEPAGE_ALLOWED_HOSTS environment variable to allow requests from this host / port.
[2026-09-27T00:54:10.384Z] error: Host validation failed for: home.hemati.com:8443. Hint: Set the HOMEPAGE_ALLOWED_HOSTS environment variable to allow requests from this host / port.
[2026-09-27T00:54:10.592Z] error: Host validation failed for: home.hemati.com:8443. Hint: Set the HOMEPAGE_ALLOWED_HOSTS environment variable to allow requests from this host / port.
[2026-09-27T00:54:10.792Z] error: Host validation failed for: home.hemati.com:8443. Hint: Set the HOMEPAGE_ALLOWED_HOSTS environment variable to allow requests from this host / port.
[2026-09-27T00:54:11.008Z] error: Host validation failed for: home.hemati.com:8443. Hint: Set the HOMEPAGE_ALLOWED_HOSTS environment variable to allow requests from this host / port.
[2026-09-27T00:54:11.233Z] error: Host validation failed for: home.hemati.com:8443. Hint: Set the HOMEPAGE_ALLOWED_HOSTS environment variable to allow requests from this host / port.
[2026-09-27T00:54:11.447Z] error: Host validation failed for: home.hemati.com:8443. Hint: Set the HOMEPAGE_ALLOWED_HOSTS environment variable to allow requests from this host / port.
[2026-09-27T00:54:11.648Z] error: Host validation failed for: home.hemati.com:8443. Hint: Set the HOMEPAGE_ALLOWED_HOSTS environment variable to allow requests from this host / port.
[2026-09-27T00:54:11.847Z] error: Host validation failed for: home.hemati.com:8443. Hint: Set the HOMEPAGE_ALLOWED_HOSTS environment variable to allow requests from this host / port.
[2026-09-27T00:54:12.051Z] error: Host validation failed for: home.hemati.com:8443. Hint: Set the HOMEPAGE_ALLOWED_HOSTS environment variable to allow requests from this host / port.
[2026-09-27T00:54:12.254Z] error: Host validation failed for: home.hemati.com:8443. Hint: Set the HOMEPAGE_ALLOWED_HOSTS environment variable to allow requests from this host / port.
[2026-09-27T00:54:12.450Z] error: Host validation failed for: home.hemati.com:8443. Hint: Set the HOMEPAGE_ALLOWED_HOSTS environment variable to allow requests from this host / port.
[2026-09-27T00:54:12.672Z] error: Host validation failed for: home.hemati.com:8443. Hint: Set the HOMEPAGE_ALLOWED_HOSTS environment variable to allow requests from this host / port.
[2026-09-27T00:54:12.915Z] error: Host validation failed for: home.hemati.com:8443. Hint: Set the HOMEPAGE_ALLOWED_HOSTS environment variable to allow requests from this host / port.
[2026-09-27T00:54:13.114Z] error: Host validation failed for: home.hemati.com:8443. Hint: Set the HOMEPAGE_ALLOWED_HOSTS environment variable to allow requests from this host / port.
[2026-09-27T00:54:13.325Z] error: Host validation failed for: home.hemati.com:8443. Hint: Set the HOMEPAGE_ALLOWED_HOSTS environment variable to allow requests from this host / port.
[2026-09-27T00:54:13.533Z] error: Host validation failed for: home.hemati.com:8443. Hint: Set the HOMEPAGE_ALLOWED_HOSTS environment variable to allow requests from this host / port.
[2026-09-27T00:54:13.728Z] error: Host validation failed for: home.hemati.com:8443. Hint: Set the HOMEPAGE_ALLOWED_HOSTS environment variable to allow requests from this host / port.
[2026-09-27T00:54:13.932Z] error: Host validation failed for: home.hemati.com:8443. Hint: Set the HOMEPAGE_ALLOWED_HOSTS environment variable to allow requests from this host / port.
[2026-09-27T00:54:14.237Z] error: Host validation failed for: home.hemati.com:8443. Hint: Set the HOMEPAGE_ALLOWED_HOSTS environment variable to allow requests from this host / port.
[2026-09-27T00:54:14.468Z] error: Host validation failed for: home.hemati.com:8443. Hint: Set the HOMEPAGE_ALLOWED_HOSTS environment variable to allow requests from this host / port.
[2026-10-05T20:45:46.499Z] error: Host validation failed for: home.hemati.com:8443. Hint: Set the HOMEPAGE_ALLOWED_HOSTS environment variable to allow requests from this host / port.
[2026-10-05T20:45:47.196Z] error: Host validation failed for: home.hemati.com:8443. Hint: Set the HOMEPAGE_ALLOWED_HOSTS environment variable to allow requests from this host / port.
[2026-10-05T20:45:47.204Z] error: Host validation failed for: home.hemati.com:8443. Hint: Set the HOMEPAGE_ALLOWED_HOSTS environment variable to allow requests from this host / port.
[2026-10-05T20:45:47.439Z] error: Host validation failed for: home.hemati.com:8443. Hint: Set the HOMEPAGE_ALLOWED_HOSTS environment variable to allow requests from this host / port.
[2026-10-05T20:45:47.449Z] error: Host validation failed for: home.hemati.com:8443. Hint: Set the HOMEPAGE_ALLOWED_HOSTS environment variable to allow requests from this host / port.
[2026-10-05T20:45:47.456Z] error: Host validation failed for: home.hemati.com:8443. Hint: Set the HOMEPAGE_ALLOWED_HOSTS environment variable to allow requests from this host / port.
[2026-10-05T20:45:47.460Z] error: Host validation failed for: home.hemati.com:8443. Hint: Set the HOMEPAGE_ALLOWED_HOSTS environment variable to allow requests from this host / port.
[2026-10-05T20:45:47.462Z] error: Host validation failed for: home.hemati.com:8443. Hint: Set the HOMEPAGE_ALLOWED_HOSTS environment variable to allow requests from this host / port.
[2026-10-05T20:45:47.539Z] error: Host validation failed for: home.hemati.com:8443. Hint: Set the HOMEPAGE_ALLOWED_HOSTS environment variable to allow requests from this host / port.
[2026-10-05T20:45:47.697Z] error: Host validation failed for: home.hemati.com:8443. Hint: Set the HOMEPAGE_ALLOWED_HOSTS environment variable to allow requests from this host / port.
[2026-10-05T20:45:47.701Z] error: Host validation failed for: home.hemati.com:8443. Hint: Set the HOMEPAGE_ALLOWED_HOSTS environment variable to allow requests from this host / port.
[2026-10-05T20:45:47.703Z] error: Host validation failed for: home.hemati.com:8443. Hint: Set the HOMEPAGE_ALLOWED_HOSTS environment variable to allow requests from this host / port.
[2026-10-05T20:45:47.712Z] error: Host validation failed for: home.hemati.com:8443. Hint: Set the HOMEPAGE_ALLOWED_HOSTS environment variable to allow requests from this host / port.
[2026-10-05T20:45:47.735Z] error: Host validation failed for: home.hemati.com:8443. Hint: Set the HOMEPAGE_ALLOWED_HOSTS environment variable to allow requests from this host / port.
[2026-10-05T20:45:47.816Z] error: Host validation failed for: home.hemati.com:8443. Hint: Set the HOMEPAGE_ALLOWED_HOSTS environment variable to allow requests from this host / port.
[2026-10-05T20:45:48.033Z] error: Host validation failed for: home.hemati.com:8443. Hint: Set the HOMEPAGE_ALLOWED_HOSTS environment variable to allow requests from this host / port.
[2026-10-05T20:45:48.035Z] error: Host validation failed for: home.hemati.com:8443. Hint: Set the HOMEPAGE_ALLOWED_HOSTS environment variable to allow requests from this host / port.
[2026-10-05T20:45:48.039Z] error: Host validation failed for: home.hemati.com:8443. Hint: Set the HOMEPAGE_ALLOWED_HOSTS environment variable to allow requests from this host / port.
[2026-10-05T20:45:48.041Z] error: Host validation failed for: home.hemati.com:8443. Hint: Set the HOMEPAGE_ALLOWED_HOSTS environment variable to allow requests from this host / port.
[2026-10-05T20:45:48.042Z] error: Host validation failed for: home.hemati.com:8443. Hint: Set the HOMEPAGE_ALLOWED_HOSTS environment variable to allow requests from this host / port.
[2026-10-05T20:45:48.065Z] error: Host validation failed for: home.hemati.com:8443. Hint: Set the HOMEPAGE_ALLOWED_HOSTS environment variable to allow requests from this host / port.
[2026-10-05T20:45:48.271Z] error: Host validation failed for: home.hemati.com:8443. Hint: Set the HOMEPAGE_ALLOWED_HOSTS environment variable to allow requests from this host / port.
[2026-10-05T20:45:48.273Z] error: Host validation failed for: home.hemati.com:8443. Hint: Set the HOMEPAGE_ALLOWED_HOSTS environment variable to allow requests from this host / port.
[2026-10-05T20:45:48.289Z] error: Host validation failed for: home.hemati.com:8443. Hint: Set the HOMEPAGE_ALLOWED_HOSTS environment variable to allow requests from this host / port.
[2026-10-05T20:45:48.309Z] error: Host validation failed for: home.hemati.com:8443. Hint: Set the HOMEPAGE_ALLOWED_HOSTS environment variable to allow requests from this host / port.
[2026-10-05T20:45:48.377Z] error: Host validation failed for: home.hemati.com:8443. Hint: Set the HOMEPAGE_ALLOWED_HOSTS environment variable to allow requests from this host / port.
[2026-10-05T20:45:48.507Z] error: Host validation failed for: home.hemati.com:8443. Hint: Set the HOMEPAGE_ALLOWED_HOSTS environment variable to allow requests from this host / port.
[2026-10-05T20:45:48.509Z] error: Host validation failed for: home.hemati.com:8443. Hint: Set the HOMEPAGE_ALLOWED_HOSTS environment variable to allow requests from this host / port.
[2026-10-05T20:45:48.529Z] error: Host validation failed for: home.hemati.com:8443. Hint: Set the HOMEPAGE_ALLOWED_HOSTS environment variable to allow requests from this host / port.
[2026-10-05T20:45:48.585Z] error: Host validation failed for: home.hemati.com:8443. Hint: Set the HOMEPAGE_ALLOWED_HOSTS environment variable to allow requests from this host / port.
[2026-10-05T20:45:48.622Z] error: Host validation failed for: home.hemati.com:8443. Hint: Set the HOMEPAGE_ALLOWED_HOSTS environment variable to allow requests from this host / port.
[2026-10-05T20:45:48.722Z] error: Host validation failed for: home.hemati.com:8443. Hint: Set the HOMEPAGE_ALLOWED_HOSTS environment variable to allow requests from this host / port.
[2026-10-05T20:45:48.748Z] error: Host validation failed for: home.hemati.com:8443. Hint: Set the HOMEPAGE_ALLOWED_HOSTS environment variable to allow requests from this host / port.
[2026-10-05T20:45:48.775Z] error: Host validation failed for: home.hemati.com:8443. Hint: Set the HOMEPAGE_ALLOWED_HOSTS environment variable to allow requests from this host / port.
[2026-10-05T20:45:48.787Z] error: Host validation failed for: home.hemati.com:8443. Hint: Set the HOMEPAGE_ALLOWED_HOSTS environment variable to allow requests from this host / port.
[2026-10-05T20:45:48.844Z] error: Host validation failed for: home.hemati.com:8443. Hint: Set the HOMEPAGE_ALLOWED_HOSTS environment variable to allow requests from this host / port.
[2026-10-05T20:45:49.037Z] error: Host validation failed for: home.hemati.com:8443. Hint: Set the HOMEPAGE_ALLOWED_HOSTS environment variable to allow requests from this host / port.
[2026-10-05T20:45:49.038Z] error: Host validation failed for: home.hemati.com:8443. Hint: Set the HOMEPAGE_ALLOWED_HOSTS environment variable to allow requests from this host / port.
[2026-10-05T20:45:49.039Z] error: Host validation failed for: home.hemati.com:8443. Hint: Set the HOMEPAGE_ALLOWED_HOSTS environment variable to allow requests from this host / port.
[2026-10-05T20:45:49.081Z] error: Host validation failed for: home.hemati.com:8443. Hint: Set the HOMEPAGE_ALLOWED_HOSTS environment variable to allow requests from this host / port.
[2026-10-05T20:45:49.084Z] error: Host validation failed for: home.hemati.com:8443. Hint: Set the HOMEPAGE_ALLOWED_HOSTS environment variable to allow requests from this host / port.
[2026-10-05T20:45:49.085Z] error: Host validation failed for: home.hemati.com:8443. Hint: Set the HOMEPAGE_ALLOWED_HOSTS environment variable to allow requests from this host / port.
[2026-10-05T20:45:49.312Z] error: Host validation failed for: home.hemati.com:8443. Hint: Set the HOMEPAGE_ALLOWED_HOSTS environment variable to allow requests from this host / port.
[2026-10-05T20:45:49.319Z] error: Host validation failed for: home.hemati.com:8443. Hint: Set the HOMEPAGE_ALLOWED_HOSTS environment variable to allow requests from this host / port.
[2026-10-05T20:45:49.329Z] error: Host validation failed for: home.hemati.com:8443. Hint: Set the HOMEPAGE_ALLOWED_HOSTS environment variable to allow requests from this host / port.
[2026-10-05T20:45:49.338Z] error: Host validation failed for: home.hemati.com:8443. Hint: Set the HOMEPAGE_ALLOWED_HOSTS environment variable to allow requests from this host / port.
[2026-10-05T20:45:49.509Z] error: Host validation failed for: home.hemati.com:8443. Hint: Set the HOMEPAGE_ALLOWED_HOSTS environment variable to allow requests from this host / port.
[2026-10-05T20:45:49.535Z] error: Host validation failed for: home.hemati.com:8443. Hint: Set the HOMEPAGE_ALLOWED_HOSTS environment variable to allow requests from this host / port.
[2026-10-05T20:45:49.570Z] error: Host validation failed for: home.hemati.com:8443. Hint: Set the HOMEPAGE_ALLOWED_HOSTS environment variable to allow requests from this host / port.
[2026-10-05T20:45:49.573Z] error: Host validation failed for: home.hemati.com:8443. Hint: Set the HOMEPAGE_ALLOWED_HOSTS environment variable to allow requests from this host / port.
[2026-10-05T20:45:49.583Z] error: Host validation failed for: home.hemati.com:8443. Hint: Set the HOMEPAGE_ALLOWED_HOSTS environment variable to allow requests from this host / port.
[2026-10-05T20:45:49.694Z] error: Host validation failed for: home.hemati.com:8443. Hint: Set the HOMEPAGE_ALLOWED_HOSTS environment variable to allow requests from this host / port.
[2026-10-05T20:45:49.769Z] error: Host validation failed for: home.hemati.com:8443. Hint: Set the HOMEPAGE_ALLOWED_HOSTS environment variable to allow requests from this host / port.
[2026-10-05T20:45:49.778Z] error: Host validation failed for: home.hemati.com:8443. Hint: Set the HOMEPAGE_ALLOWED_HOSTS environment variable to allow requests from this host / port.
[2026-10-05T20:45:49.809Z] error: Host validation failed for: home.hemati.com:8443. Hint: Set the HOMEPAGE_ALLOWED_HOSTS environment variable to allow requests from this host / port.
[2026-10-05T20:45:49.811Z] error: Host validation failed for: home.hemati.com:8443. Hint: Set the HOMEPAGE_ALLOWED_HOSTS environment variable to allow requests from this host / port.
[2026-10-05T20:45:49.821Z] error: Host validation failed for: home.hemati.com:8443. Hint: Set the HOMEPAGE_ALLOWED_HOSTS environment variable to allow requests from this host / port.
[2026-10-05T20:45:50.014Z] error: Host validation failed for: home.hemati.com:8443. Hint: Set the HOMEPAGE_ALLOWED_HOSTS environment variable to allow requests from this host / port.
[2026-10-05T20:45:50.014Z] error: Host validation failed for: home.hemati.com:8443. Hint: Set the HOMEPAGE_ALLOWED_HOSTS environment variable to allow requests from this host / port.
[2026-10-05T20:45:50.029Z] error: Host validation failed for: home.hemati.com:8443. Hint: Set the HOMEPAGE_ALLOWED_HOSTS environment variable to allow requests from this host / port.
[2026-10-05T20:45:50.051Z] error: Host validation failed for: home.hemati.com:8443. Hint: Set the HOMEPAGE_ALLOWED_HOSTS environment variable to allow requests from this host / port.
[2026-10-05T20:45:50.053Z] error: Host validation failed for: home.hemati.com:8443. Hint: Set the HOMEPAGE_ALLOWED_HOSTS environment variable to allow requests from this host / port.
[2026-10-05T20:45:50.076Z] error: Host validation failed for: home.hemati.com:8443. Hint: Set the HOMEPAGE_ALLOWED_HOSTS environment variable to allow requests from this host / port.
[2026-10-05T20:45:50.270Z] error: Host validation failed for: home.hemati.com:8443. Hint: Set the HOMEPAGE_ALLOWED_HOSTS environment variable to allow requests from this host / port.
[2026-10-05T20:45:50.275Z] error: Host validation failed for: home.hemati.com:8443. Hint: Set the HOMEPAGE_ALLOWED_HOSTS environment variable to allow requests from this host / port.
[2026-10-05T20:45:50.287Z] error: Host validation failed for: home.hemati.com:8443. Hint: Set the HOMEPAGE_ALLOWED_HOSTS environment variable to allow requests from this host / port.
[2026-10-05T20:45:50.306Z] error: Host validation failed for: home.hemati.com:8443. Hint: Set the HOMEPAGE_ALLOWED_HOSTS environment variable to allow requests from this host / port.
[2026-10-05T20:45:50.307Z] error: Host validation failed for: home.hemati.com:8443. Hint: Set the HOMEPAGE_ALLOWED_HOSTS environment variable to allow requests from this host / port.
[2026-10-05T20:45:50.314Z] error: Host validation failed for: home.hemati.com:8443. Hint: Set the HOMEPAGE_ALLOWED_HOSTS environment variable to allow requests from this host / port.
[2026-10-05T20:45:50.509Z] error: Host validation failed for: home.hemati.com:8443. Hint: Set the HOMEPAGE_ALLOWED_HOSTS environment variable to allow requests from this host / port.
[2026-10-05T20:45:50.528Z] error: Host validation failed for: home.hemati.com:8443. Hint: Set the HOMEPAGE_ALLOWED_HOSTS environment variable to allow requests from this host / port.
[2026-10-05T20:45:50.532Z] error: Host validation failed for: home.hemati.com:8443. Hint: Set the HOMEPAGE_ALLOWED_HOSTS environment variable to allow requests from this host / port.
[2026-10-05T20:45:50.549Z] error: Host validation failed for: home.hemati.com:8443. Hint: Set the HOMEPAGE_ALLOWED_HOSTS environment variable to allow requests from this host / port.
[2026-10-05T20:45:50.550Z] error: Host validation failed for: home.hemati.com:8443. Hint: Set the HOMEPAGE_ALLOWED_HOSTS environment variable to allow requests from this host / port.
[2026-10-05T20:45:50.552Z] error: Host validation failed for: home.hemati.com:8443. Hint: Set the HOMEPAGE_ALLOWED_HOSTS environment variable to allow requests from this host / port.
[2026-10-05T20:45:50.756Z] error: Host validation failed for: home.hemati.com:8443. Hint: Set the HOMEPAGE_ALLOWED_HOSTS environment variable to allow requests from this host / port.
[2026-10-05T20:45:50.758Z] error: Host validation failed for: home.hemati.com:8443. Hint: Set the HOMEPAGE_ALLOWED_HOSTS environment variable to allow requests from this host / port.
[2026-10-05T20:45:50.773Z] error: Host validation failed for: home.hemati.com:8443. Hint: Set the HOMEPAGE_ALLOWED_HOSTS environment variable to allow requests from this host / port.
[2026-10-05T20:45:50.799Z] error: Host validation failed for: home.hemati.com:8443. Hint: Set the HOMEPAGE_ALLOWED_HOSTS environment variable to allow requests from this host / port.
[2026-10-05T20:45:50.809Z] error: Host validation failed for: home.hemati.com:8443. Hint: Set the HOMEPAGE_ALLOWED_HOSTS environment variable to allow requests from this host / port.
[2026-10-05T20:45:50.810Z] error: Host validation failed for: home.hemati.com:8443. Hint: Set the HOMEPAGE_ALLOWED_HOSTS environment variable to allow requests from this host / port.
[2026-10-05T20:45:51.019Z] error: Host validation failed for: home.hemati.com:8443. Hint: Set the HOMEPAGE_ALLOWED_HOSTS environment variable to allow requests from this host / port.
[2026-10-05T20:45:51.021Z] error: Host validation failed for: home.hemati.com:8443. Hint: Set the HOMEPAGE_ALLOWED_HOSTS environment variable to allow requests from this host / port.
[2026-10-05T20:45:51.022Z] error: Host validation failed for: home.hemati.com:8443. Hint: Set the HOMEPAGE_ALLOWED_HOSTS environment variable to allow requests from this host / port.
[2026-10-05T20:45:51.051Z] error: Host validation failed for: home.hemati.com:8443. Hint: Set the HOMEPAGE_ALLOWED_HOSTS environment variable to allow requests from this host / port.
[2026-10-05T20:45:51.058Z] error: Host validation failed for: home.hemati.com:8443. Hint: Set the HOMEPAGE_ALLOWED_HOSTS environment variable to allow requests from this host / port.
[2026-10-05T20:45:51.080Z] error: Host validation failed for: home.hemati.com:8443. Hint: Set the HOMEPAGE_ALLOWED_HOSTS environment variable to allow requests from this host / port.
[2026-10-05T20:45:51.255Z] error: Host validation failed for: home.hemati.com:8443. Hint: Set the HOMEPAGE_ALLOWED_HOSTS environment variable to allow requests from this host / port.
[2026-10-05T20:45:51.258Z] error: Host validation failed for: home.hemati.com:8443. Hint: Set the HOMEPAGE_ALLOWED_HOSTS environment variable to allow requests from this host / port.
[2026-10-05T20:45:51.267Z] error: Host validation failed for: home.hemati.com:8443. Hint: Set the HOMEPAGE_ALLOWED_HOSTS environment variable to allow requests from this host / port.
[2026-10-05T20:45:51.310Z] error: Host validation failed for: home.hemati.com:8443. Hint: Set the HOMEPAGE_ALLOWED_HOSTS environment variable to allow requests from this host / port.
[2026-10-05T20:45:51.325Z] error: Host validation failed for: home.hemati.com:8443. Hint: Set the HOMEPAGE_ALLOWED_HOSTS environment variable to allow requests from this host / port.
[2026-10-05T20:45:51.328Z] error: Host validation failed for: home.hemati.com:8443. Hint: Set the HOMEPAGE_ALLOWED_HOSTS environment variable to allow requests from this host / port.
[2026-10-05T20:45:51.488Z] error: Host validation failed for: home.hemati.com:8443. Hint: Set the HOMEPAGE_ALLOWED_HOSTS environment variable to allow requests from this host / port.
[2026-10-05T20:45:51.490Z] error: Host validation failed for: home.hemati.com:8443. Hint: Set the HOMEPAGE_ALLOWED_HOSTS environment variable to allow requests from this host / port.
[2026-10-05T20:45:51.509Z] error: Host validation failed for: home.hemati.com:8443. Hint: Set the HOMEPAGE_ALLOWED_HOSTS environment variable to allow requests from this host / port.
[2026-10-05T20:45:51.542Z] error: Host validation failed for: home.hemati.com:8443. Hint: Set the HOMEPAGE_ALLOWED_HOSTS environment variable to allow requests from this host / port.
[2026-10-05T20:45:51.553Z] error: Host validation failed for: home.hemati.com:8443. Hint: Set the HOMEPAGE_ALLOWED_HOSTS environment variable to allow requests from this host / port.
[2026-10-05T20:45:51.554Z] error: Host validation failed for: home.hemati.com:8443. Hint: Set the HOMEPAGE_ALLOWED_HOSTS environment variable to allow requests from this host / port.
[2026-10-05T20:45:51.723Z] error: Host validation failed for: home.hemati.com:8443. Hint: Set the HOMEPAGE_ALLOWED_HOSTS environment variable to allow requests from this host / port.
[2026-10-05T20:45:51.739Z] error: Host validation failed for: home.hemati.com:8443. Hint: Set the HOMEPAGE_ALLOWED_HOSTS environment variable to allow requests from this host / port.
[2026-10-05T20:45:51.772Z] error: Host validation failed for: home.hemati.com:8443. Hint: Set the HOMEPAGE_ALLOWED_HOSTS environment variable to allow requests from this host / port.
[2026-10-05T20:45:51.777Z] error: Host validation failed for: home.hemati.com:8443. Hint: Set the HOMEPAGE_ALLOWED_HOSTS environment variable to allow requests from this host / port.
[2026-10-05T20:45:51.778Z] error: Host validation failed for: home.hemati.com:8443. Hint: Set the HOMEPAGE_ALLOWED_HOSTS environment variable to allow requests from this host / port.
[2026-10-05T20:45:51.781Z] error: Host validation failed for: home.hemati.com:8443. Hint: Set the HOMEPAGE_ALLOWED_HOSTS environment variable to allow requests from this host / port.
[2026-10-05T20:45:51.987Z] error: Host validation failed for: home.hemati.com:8443. Hint: Set the HOMEPAGE_ALLOWED_HOSTS environment variable to allow requests from this host / port.
[2026-10-05T20:45:51.991Z] error: Host validation failed for: home.hemati.com:8443. Hint: Set the HOMEPAGE_ALLOWED_HOSTS environment variable to allow requests from this host / port.
[2026-10-05T20:45:52.012Z] error: Host validation failed for: home.hemati.com:8443. Hint: Set the HOMEPAGE_ALLOWED_HOSTS environment variable to allow requests from this host / port.
[2026-10-05T20:45:52.019Z] error: Host validation failed for: home.hemati.com:8443. Hint: Set the HOMEPAGE_ALLOWED_HOSTS environment variable to allow requests from this host / port.
[2026-10-05T20:45:52.073Z] error: Host validation failed for: home.hemati.com:8443. Hint: Set the HOMEPAGE_ALLOWED_HOSTS environment variable to allow requests from this host / port.
[2026-10-05T20:45:52.081Z] error: Host validation failed for: home.hemati.com:8443. Hint: Set the HOMEPAGE_ALLOWED_HOSTS environment variable to allow requests from this host / port.
[2026-10-05T20:45:52.239Z] error: Host validation failed for: home.hemati.com:8443. Hint: Set the HOMEPAGE_ALLOWED_HOSTS environment variable to allow requests from this host / port.
[2026-10-05T20:45:52.249Z] error: Host validation failed for: home.hemati.com:8443. Hint: Set the HOMEPAGE_ALLOWED_HOSTS environment variable to allow requests from this host / port.
[2026-10-05T20:45:52.256Z] error: Host validation failed for: home.hemati.com:8443. Hint: Set the HOMEPAGE_ALLOWED_HOSTS environment variable to allow requests from this host / port.
[2026-10-05T20:45:52.260Z] error: Host validation failed for: home.hemati.com:8443. Hint: Set the HOMEPAGE_ALLOWED_HOSTS environment variable to allow requests from this host / port.
[2026-10-05T20:45:52.315Z] error: Host validation failed for: home.hemati.com:8443. Hint: Set the HOMEPAGE_ALLOWED_HOSTS environment variable to allow requests from this host / port.
[2026-10-05T20:45:52.316Z] error: Host validation failed for: home.hemati.com:8443. Hint: Set the HOMEPAGE_ALLOWED_HOSTS environment variable to allow requests from this host / port.
[2026-10-05T20:45:52.467Z] error: Host validation failed for: home.hemati.com:8443. Hint: Set the HOMEPAGE_ALLOWED_HOSTS environment variable to allow requests from this host / port.
[2026-10-05T20:45:52.493Z] error: Host validation failed for: home.hemati.com:8443. Hint: Set the HOMEPAGE_ALLOWED_HOSTS environment variable to allow requests from this host / port.
[2026-10-05T20:45:52.494Z] error: Host validation failed for: home.hemati.com:8443. Hint: Set the HOMEPAGE_ALLOWED_HOSTS environment variable to allow requests from this host / port.
[2026-10-05T20:45:52.517Z] error: Host validation failed for: home.hemati.com:8443. Hint: Set the HOMEPAGE_ALLOWED_HOSTS environment variable to allow requests from this host / port.
[2026-10-05T20:45:52.546Z] error: Host validation failed for: home.hemati.com:8443. Hint: Set the HOMEPAGE_ALLOWED_HOSTS environment variable to allow requests from this host / port.
[2026-10-05T20:45:52.556Z] error: Host validation failed for: home.hemati.com:8443. Hint: Set the HOMEPAGE_ALLOWED_HOSTS environment variable to allow requests from this host / port.
[2026-10-05T20:45:52.727Z] error: Host validation failed for: home.hemati.com:8443. Hint: Set the HOMEPAGE_ALLOWED_HOSTS environment variable to allow requests from this host / port.
[2026-10-05T20:45:52.730Z] error: Host validation failed for: home.hemati.com:8443. Hint: Set the HOMEPAGE_ALLOWED_HOSTS environment variable to allow requests from this host / port.
[2026-10-05T20:45:52.743Z] error: Host validation failed for: home.hemati.com:8443. Hint: Set the HOMEPAGE_ALLOWED_HOSTS environment variable to allow requests from this host / port.
[2026-10-05T20:45:52.787Z] error: Host validation failed for: home.hemati.com:8443. Hint: Set the HOMEPAGE_ALLOWED_HOSTS environment variable to allow requests from this host / port.
[2026-10-05T20:45:52.789Z] error: Host validation failed for: home.hemati.com:8443. Hint: Set the HOMEPAGE_ALLOWED_HOSTS environment variable to allow requests from this host / port.
[2026-10-05T20:45:52.790Z] error: Host validation failed for: home.hemati.com:8443. Hint: Set the HOMEPAGE_ALLOWED_HOSTS environment variable to allow requests from this host / port.
[2026-10-05T20:45:53.019Z] error: Host validation failed for: home.hemati.com:8443. Hint: Set the HOMEPAGE_ALLOWED_HOSTS environment variable to allow requests from this host / port.
[2026-10-05T20:45:53.021Z] error: Host validation failed for: home.hemati.com:8443. Hint: Set the HOMEPAGE_ALLOWED_HOSTS environment variable to allow requests from this host / port.
[2026-10-05T20:45:53.022Z] error: Host validation failed for: home.hemati.com:8443. Hint: Set the HOMEPAGE_ALLOWED_HOSTS environment variable to allow requests from this host / port.
[2026-10-05T20:45:53.031Z] error: Host validation failed for: home.hemati.com:8443. Hint: Set the HOMEPAGE_ALLOWED_HOSTS environment variable to allow requests from this host / port.
[2026-10-05T20:45:53.053Z] error: Host validation failed for: home.hemati.com:8443. Hint: Set the HOMEPAGE_ALLOWED_HOSTS environment variable to allow requests from this host / port.
[2026-10-05T20:45:53.262Z] error: Host validation failed for: home.hemati.com:8443. Hint: Set the HOMEPAGE_ALLOWED_HOSTS environment variable to allow requests from this host / port.
[2026-10-05T20:45:53.274Z] error: Host validation failed for: home.hemati.com:8443. Hint: Set the HOMEPAGE_ALLOWED_HOSTS environment variable to allow requests from this host / port.
[2026-10-05T20:45:53.281Z] error: Host validation failed for: home.hemati.com:8443. Hint: Set the HOMEPAGE_ALLOWED_HOSTS environment variable to allow requests from this host / port.
[2026-10-05T20:45:53.282Z] error: Host validation failed for: home.hemati.com:8443. Hint: Set the HOMEPAGE_ALLOWED_HOSTS environment variable to allow requests from this host / port.
[2026-10-05T20:45:53.293Z] error: Host validation failed for: home.hemati.com:8443. Hint: Set the HOMEPAGE_ALLOWED_HOSTS environment variable to allow requests from this host / port.
[2026-10-05T20:45:53.298Z] error: Host validation failed for: home.hemati.com:8443. Hint: Set the HOMEPAGE_ALLOWED_HOSTS environment variable to allow requests from this host / port.
[2026-10-05T20:45:53.513Z] error: Host validation failed for: home.hemati.com:8443. Hint: Set the HOMEPAGE_ALLOWED_HOSTS environment variable to allow requests from this host / port.
[2026-10-05T20:45:53.527Z] error: Host validation failed for: home.hemati.com:8443. Hint: Set the HOMEPAGE_ALLOWED_HOSTS environment variable to allow requests from this host / port.
[2026-10-05T20:45:53.528Z] error: Host validation failed for: home.hemati.com:8443. Hint: Set the HOMEPAGE_ALLOWED_HOSTS environment variable to allow requests from this host / port.
[2026-10-05T20:45:53.542Z] error: Host validation failed for: home.hemati.com:8443. Hint: Set the HOMEPAGE_ALLOWED_HOSTS environment variable to allow requests from this host / port.
[2026-10-05T20:45:53.551Z] error: Host validation failed for: home.hemati.com:8443. Hint: Set the HOMEPAGE_ALLOWED_HOSTS environment variable to allow requests from this host / port.
[2026-10-05T20:45:53.561Z] error: Host validation failed for: home.hemati.com:8443. Hint: Set the HOMEPAGE_ALLOWED_HOSTS environment variable to allow requests from this host / port.
[2026-10-05T20:45:53.803Z] error: Host validation failed for: home.hemati.com:8443. Hint: Set the HOMEPAGE_ALLOWED_HOSTS environment variable to allow requests from this host / port.
[2026-10-05T20:45:53.804Z] error: Host validation failed for: home.hemati.com:8443. Hint: Set the HOMEPAGE_ALLOWED_HOSTS environment variable to allow requests from this host / port.
[2026-10-05T20:45:53.816Z] error: Host validation failed for: home.hemati.com:8443. Hint: Set the HOMEPAGE_ALLOWED_HOSTS environment variable to allow requests from this host / port.
[2026-10-05T20:45:53.818Z] error: Host validation failed for: home.hemati.com:8443. Hint: Set the HOMEPAGE_ALLOWED_HOSTS environment variable to allow requests from this host / port.
[2026-10-05T20:45:53.824Z] error: Host validation failed for: home.hemati.com:8443. Hint: Set the HOMEPAGE_ALLOWED_HOSTS environment variable to allow requests from this host / port.
[2026-10-05T20:45:53.864Z] error: Host validation failed for: home.hemati.com:8443. Hint: Set the HOMEPAGE_ALLOWED_HOSTS environment variable to allow requests from this host / port.
[2026-10-05T20:45:54.049Z] error: Host validation failed for: home.hemati.com:8443. Hint: Set the HOMEPAGE_ALLOWED_HOSTS environment variable to allow requests from this host / port.
[2026-10-05T20:45:54.053Z] error: Host validation failed for: home.hemati.com:8443. Hint: Set the HOMEPAGE_ALLOWED_HOSTS environment variable to allow requests from this host / port.
[2026-10-05T20:45:54.061Z] error: Host validation failed for: home.hemati.com:8443. Hint: Set the HOMEPAGE_ALLOWED_HOSTS environment variable to allow requests from this host / port.
[2026-10-05T20:45:54.078Z] error: Host validation failed for: home.hemati.com:8443. Hint: Set the HOMEPAGE_ALLOWED_HOSTS environment variable to allow requests from this host / port.
[2026-10-05T20:45:54.111Z] error: Host validation failed for: home.hemati.com:8443. Hint: Set the HOMEPAGE_ALLOWED_HOSTS environment variable to allow requests from this host / port.
[2026-10-05T20:45:54.121Z] error: Host validation failed for: home.hemati.com:8443. Hint: Set the HOMEPAGE_ALLOWED_HOSTS environment variable to allow requests from this host / port.
[2026-10-05T20:45:54.292Z] error: Host validation failed for: home.hemati.com:8443. Hint: Set the HOMEPAGE_ALLOWED_HOSTS environment variable to allow requests from this host / port.
[2026-10-05T20:45:54.305Z] error: Host validation failed for: home.hemati.com:8443. Hint: Set the HOMEPAGE_ALLOWED_HOSTS environment variable to allow requests from this host / port.
[2026-10-05T20:45:54.311Z] error: Host validation failed for: home.hemati.com:8443. Hint: Set the HOMEPAGE_ALLOWED_HOSTS environment variable to allow requests from this host / port.
[2026-10-05T20:45:54.321Z] error: Host validation failed for: home.hemati.com:8443. Hint: Set the HOMEPAGE_ALLOWED_HOSTS environment variable to allow requests from this host / port.
[2026-10-05T20:45:54.353Z] error: Host validation failed for: home.hemati.com:8443. Hint: Set the HOMEPAGE_ALLOWED_HOSTS environment variable to allow requests from this host / port.
[2026-10-05T20:45:54.361Z] error: Host validation failed for: home.hemati.com:8443. Hint: Set the HOMEPAGE_ALLOWED_HOSTS environment variable to allow requests from this host / port.
[2026-10-05T20:45:54.531Z] error: Host validation failed for: home.hemati.com:8443. Hint: Set the HOMEPAGE_ALLOWED_HOSTS environment variable to allow requests from this host / port.
[2026-10-05T20:45:54.536Z] error: Host validation failed for: home.hemati.com:8443. Hint: Set the HOMEPAGE_ALLOWED_HOSTS environment variable to allow requests from this host / port.
[2026-10-05T20:45:54.563Z] error: Host validation failed for: home.hemati.com:8443. Hint: Set the HOMEPAGE_ALLOWED_HOSTS environment variable to allow requests from this host / port.
[2026-10-05T20:45:54.564Z] error: Host validation failed for: home.hemati.com:8443. Hint: Set the HOMEPAGE_ALLOWED_HOSTS environment variable to allow requests from this host / port.
[2026-10-05T20:45:54.609Z] error: Host validation failed for: home.hemati.com:8443. Hint: Set the HOMEPAGE_ALLOWED_HOSTS environment variable to allow requests from this host / port.
[2026-10-05T20:45:54.699Z] error: Host validation failed for: home.hemati.com:8443. Hint: Set the HOMEPAGE_ALLOWED_HOSTS environment variable to allow requests from this host / port.
[2026-10-05T20:45:54.772Z] error: Host validation failed for: home.hemati.com:8443. Hint: Set the HOMEPAGE_ALLOWED_HOSTS environment variable to allow requests from this host / port.
[2026-10-05T20:45:54.776Z] error: Host validation failed for: home.hemati.com:8443. Hint: Set the HOMEPAGE_ALLOWED_HOSTS environment variable to allow requests from this host / port.
[2026-10-05T20:45:54.812Z] error: Host validation failed for: home.hemati.com:8443. Hint: Set the HOMEPAGE_ALLOWED_HOSTS environment variable to allow requests from this host / port.
[2026-10-05T20:45:54.856Z] error: Host validation failed for: home.hemati.com:8443. Hint: Set the HOMEPAGE_ALLOWED_HOSTS environment variable to allow requests from this host / port.
[2026-10-05T20:45:54.978Z] error: Host validation failed for: home.hemati.com:8443. Hint: Set the HOMEPAGE_ALLOWED_HOSTS environment variable to allow requests from this host / port.
[2026-10-05T20:45:55.013Z] error: Host validation failed for: home.hemati.com:8443. Hint: Set the HOMEPAGE_ALLOWED_HOSTS environment variable to allow requests from this host / port.
[2026-10-05T20:45:55.029Z] error: Host validation failed for: home.hemati.com:8443. Hint: Set the HOMEPAGE_ALLOWED_HOSTS environment variable to allow requests from this host / port.
[2026-10-05T20:45:55.051Z] error: Host validation failed for: home.hemati.com:8443. Hint: Set the HOMEPAGE_ALLOWED_HOSTS environment variable to allow requests from this host / port.
[2026-10-05T20:45:55.108Z] error: Host validation failed for: home.hemati.com:8443. Hint: Set the HOMEPAGE_ALLOWED_HOSTS environment variable to allow requests from this host / port.
[2026-10-05T20:45:55.112Z] error: Host validation failed for: home.hemati.com:8443. Hint: Set the HOMEPAGE_ALLOWED_HOSTS environment variable to allow requests from this host / port.
[2026-10-05T20:45:55.211Z] error: Host validation failed for: home.hemati.com:8443. Hint: Set the HOMEPAGE_ALLOWED_HOSTS environment variable to allow requests from this host / port.
[2026-10-05T20:45:55.244Z] error: Host validation failed for: home.hemati.com:8443. Hint: Set the HOMEPAGE_ALLOWED_HOSTS environment variable to allow requests from this host / port.
[2026-10-05T20:45:55.290Z] error: Host validation failed for: home.hemati.com:8443. Hint: Set the HOMEPAGE_ALLOWED_HOSTS environment variable to allow requests from this host / port.
[2026-10-05T20:45:55.305Z] error: Host validation failed for: home.hemati.com:8443. Hint: Set the HOMEPAGE_ALLOWED_HOSTS environment variable to allow requests from this host / port.
[2026-10-05T20:45:55.350Z] error: Host validation failed for: home.hemati.com:8443. Hint: Set the HOMEPAGE_ALLOWED_HOSTS environment variable to allow requests from this host / port.
[2026-10-05T20:45:55.357Z] error: Host validation failed for: home.hemati.com:8443. Hint: Set the HOMEPAGE_ALLOWED_HOSTS environment variable to allow requests from this host / port.
[2026-10-05T20:45:55.459Z] error: Host validation failed for: home.hemati.com:8443. Hint: Set the HOMEPAGE_ALLOWED_HOSTS environment variable to allow requests from this host / port.
[2026-10-05T20:45:55.518Z] error: Host validation failed for: home.hemati.com:8443. Hint: Set the HOMEPAGE_ALLOWED_HOSTS environment variable to allow requests from this host / port.
[2026-10-05T20:45:55.538Z] error: Host validation failed for: home.hemati.com:8443. Hint: Set the HOMEPAGE_ALLOWED_HOSTS environment variable to allow requests from this host / port.
[2026-10-05T20:45:55.541Z] error: Host validation failed for: home.hemati.com:8443. Hint: Set the HOMEPAGE_ALLOWED_HOSTS environment variable to allow requests from this host / port.
[2026-10-05T20:45:55.580Z] error: Host validation failed for: home.hemati.com:8443. Hint: Set the HOMEPAGE_ALLOWED_HOSTS environment variable to allow requests from this host / port.
[2026-10-05T20:45:55.592Z] error: Host validation failed for: home.hemati.com:8443. Hint: Set the HOMEPAGE_ALLOWED_HOSTS environment variable to allow requests from this host / port.
[2026-10-05T20:45:55.688Z] error: Host validation failed for: home.hemati.com:8443. Hint: Set the HOMEPAGE_ALLOWED_HOSTS environment variable to allow requests from this host / port.
[2026-10-05T20:45:55.772Z] error: Host validation failed for: home.hemati.com:8443. Hint: Set the HOMEPAGE_ALLOWED_HOSTS environment variable to allow requests from this host / port.
[2026-10-05T20:45:55.775Z] error: Host validation failed for: home.hemati.com:8443. Hint: Set the HOMEPAGE_ALLOWED_HOSTS environment variable to allow requests from this host / port.
[2026-10-05T20:45:55.786Z] error: Host validation failed for: home.hemati.com:8443. Hint: Set the HOMEPAGE_ALLOWED_HOSTS environment variable to allow requests from this host / port.
[2026-10-05T20:45:55.808Z] error: Host validation failed for: home.hemati.com:8443. Hint: Set the HOMEPAGE_ALLOWED_HOSTS environment variable to allow requests from this host / port.
[2026-10-05T20:45:55.840Z] error: Host validation failed for: home.hemati.com:8443. Hint: Set the HOMEPAGE_ALLOWED_HOSTS environment variable to allow requests from this host / port.
[2026-10-05T20:45:56.027Z] error: Host validation failed for: home.hemati.com:8443. Hint: Set the HOMEPAGE_ALLOWED_HOSTS environment variable to allow requests from this host / port.
[2026-10-05T20:45:56.028Z] error: Host validation failed for: home.hemati.com:8443. Hint: Set the HOMEPAGE_ALLOWED_HOSTS environment variable to allow requests from this host / port.
[2026-10-05T20:45:56.029Z] error: Host validation failed for: home.hemati.com:8443. Hint: Set the HOMEPAGE_ALLOWED_HOSTS environment variable to allow requests from this host / port.
[2026-10-05T20:45:56.030Z] error: Host validation failed for: home.hemati.com:8443. Hint: Set the HOMEPAGE_ALLOWED_HOSTS environment variable to allow requests from this host / port.
[2026-10-05T20:45:56.057Z] error: Host validation failed for: home.hemati.com:8443. Hint: Set the HOMEPAGE_ALLOWED_HOSTS environment variable to allow requests from this host / port.
[2026-10-05T20:45:56.071Z] error: Host validation failed for: home.hemati.com:8443. Hint: Set the HOMEPAGE_ALLOWED_HOSTS environment variable to allow requests from this host / port.
[2026-10-05T20:45:56.263Z] error: Host validation failed for: home.hemati.com:8443. Hint: Set the HOMEPAGE_ALLOWED_HOSTS environment variable to allow requests from this host / port.
[2026-10-05T20:45:56.280Z] error: Host validation failed for: home.hemati.com:8443. Hint: Set the HOMEPAGE_ALLOWED_HOSTS environment variable to allow requests from this host / port.
[2026-10-05T20:45:56.287Z] error: Host validation failed for: home.hemati.com:8443. Hint: Set the HOMEPAGE_ALLOWED_HOSTS environment variable to allow requests from this host / port.
[2026-10-05T20:45:56.288Z] error: Host validation failed for: home.hemati.com:8443. Hint: Set the HOMEPAGE_ALLOWED_HOSTS environment variable to allow requests from this host / port.
[2026-10-05T20:45:56.296Z] error: Host validation failed for: home.hemati.com:8443. Hint: Set the HOMEPAGE_ALLOWED_HOSTS environment variable to allow requests from this host / port.
[2026-10-05T20:45:56.327Z] error: Host validation failed for: home.hemati.com:8443. Hint: Set the HOMEPAGE_ALLOWED_HOSTS environment variable to allow requests from this host / port.
[2026-10-05T20:45:56.508Z] error: Host validation failed for: home.hemati.com:8443. Hint: Set the HOMEPAGE_ALLOWED_HOSTS environment variable to allow requests from this host / port.
[2026-10-05T20:45:56.513Z] error: Host validation failed for: home.hemati.com:8443. Hint: Set the HOMEPAGE_ALLOWED_HOSTS environment variable to allow requests from this host / port.
[2026-10-05T20:45:56.514Z] error: Host validation failed for: home.hemati.com:8443. Hint: Set the HOMEPAGE_ALLOWED_HOSTS environment variable to allow requests from this host / port.
[2026-10-05T20:45:56.540Z] error: Host validation failed for: home.hemati.com:8443. Hint: Set the HOMEPAGE_ALLOWED_HOSTS environment variable to allow requests from this host / port.
[2026-10-05T20:45:56.542Z] error: Host validation failed for: home.hemati.com:8443. Hint: Set the HOMEPAGE_ALLOWED_HOSTS environment variable to allow requests from this host / port.
[2026-10-05T20:45:56.585Z] error: Host validation failed for: home.hemati.com:8443. Hint: Set the HOMEPAGE_ALLOWED_HOSTS environment variable to allow requests from this host / port.
[2026-10-05T20:45:56.744Z] error: Host validation failed for: home.hemati.com:8443. Hint: Set the HOMEPAGE_ALLOWED_HOSTS environment variable to allow requests from this host / port.
[2026-10-05T20:45:56.752Z] error: Host validation failed for: home.hemati.com:8443. Hint: Set the HOMEPAGE_ALLOWED_HOSTS environment variable to allow requests from this host / port.
[2026-10-05T20:45:56.753Z] error: Host validation failed for: home.hemati.com:8443. Hint: Set the HOMEPAGE_ALLOWED_HOSTS environment variable to allow requests from this host / port.
[2026-10-05T20:45:56.765Z] error: Host validation failed for: home.hemati.com:8443. Hint: Set the HOMEPAGE_ALLOWED_HOSTS environment variable to allow requests from this host / port.
[2026-10-05T20:45:56.781Z] error: Host validation failed for: home.hemati.com:8443. Hint: Set the HOMEPAGE_ALLOWED_HOSTS environment variable to allow requests from this host / port.
[2026-10-05T20:45:56.834Z] error: Host validation failed for: home.hemati.com:8443. Hint: Set the HOMEPAGE_ALLOWED_HOSTS environment variable to allow requests from this host / port.
[2026-10-05T20:45:57.042Z] error: Host validation failed for: home.hemati.com:8443. Hint: Set the HOMEPAGE_ALLOWED_HOSTS environment variable to allow requests from this host / port.
[2026-10-05T20:45:57.044Z] error: Host validation failed for: home.hemati.com:8443. Hint: Set the HOMEPAGE_ALLOWED_HOSTS environment variable to allow requests from this host / port.
[2026-10-05T20:45:57.045Z] error: Host validation failed for: home.hemati.com:8443. Hint: Set the HOMEPAGE_ALLOWED_HOSTS environment variable to allow requests from this host / port.
[2026-10-05T20:45:57.046Z] error: Host validation failed for: home.hemati.com:8443. Hint: Set the HOMEPAGE_ALLOWED_HOSTS environment variable to allow requests from this host / port.
[2026-10-05T20:45:57.100Z] error: Host validation failed for: home.hemati.com:8443. Hint: Set the HOMEPAGE_ALLOWED_HOSTS environment variable to allow requests from this host / port.
[2026-10-05T20:45:57.273Z] error: Host validation failed for: home.hemati.com:8443. Hint: Set the HOMEPAGE_ALLOWED_HOSTS environment variable to allow requests from this host / port.
[2026-10-05T20:45:57.280Z] error: Host validation failed for: home.hemati.com:8443. Hint: Set the HOMEPAGE_ALLOWED_HOSTS environment variable to allow requests from this host / port.
[2026-10-05T20:45:57.290Z] error: Host validation failed for: home.hemati.com:8443. Hint: Set the HOMEPAGE_ALLOWED_HOSTS environment variable to allow requests from this host / port.
[2026-10-05T20:45:57.350Z] error: Host validation failed for: home.hemati.com:8443. Hint: Set the HOMEPAGE_ALLOWED_HOSTS environment variable to allow requests from this host / port.
[2026-10-05T20:45:57.387Z] error: Host validation failed for: home.hemati.com:8443. Hint: Set the HOMEPAGE_ALLOWED_HOSTS environment variable to allow requests from this host / port.
[2026-10-05T20:45:57.465Z] error: Host validation failed for: home.hemati.com:8443. Hint: Set the HOMEPAGE_ALLOWED_HOSTS environment variable to allow requests from this host / port.
[2026-10-05T20:45:57.498Z] error: Host validation failed for: home.hemati.com:8443. Hint: Set the HOMEPAGE_ALLOWED_HOSTS environment variable to allow requests from this host / port.
[2026-10-05T20:45:57.532Z] error: Host validation failed for: home.hemati.com:8443. Hint: Set the HOMEPAGE_ALLOWED_HOSTS environment variable to allow requests from this host / port.
[2026-10-05T20:45:57.572Z] error: Host validation failed for: home.hemati.com:8443. Hint: Set the HOMEPAGE_ALLOWED_HOSTS environment variable to allow requests from this host / port.
[2026-10-05T20:45:57.574Z] error: Host validation failed for: home.hemati.com:8443. Hint: Set the HOMEPAGE_ALLOWED_HOSTS environment variable to allow requests from this host / port.
[2026-10-05T20:45:57.666Z] error: Host validation failed for: home.hemati.com:8443. Hint: Set the HOMEPAGE_ALLOWED_HOSTS environment variable to allow requests from this host / port.
[2026-10-05T20:45:57.706Z] error: Host validation failed for: home.hemati.com:8443. Hint: Set the HOMEPAGE_ALLOWED_HOSTS environment variable to allow requests from this host / port.
[2026-10-05T20:45:57.742Z] error: Host validation failed for: home.hemati.com:8443. Hint: Set the HOMEPAGE_ALLOWED_HOSTS environment variable to allow requests from this host / port.
[2026-10-05T20:45:57.783Z] error: Host validation failed for: home.hemati.com:8443. Hint: Set the HOMEPAGE_ALLOWED_HOSTS environment variable to allow requests from this host / port.
[2026-10-05T20:45:57.811Z] error: Host validation failed for: home.hemati.com:8443. Hint: Set the HOMEPAGE_ALLOWED_HOSTS environment variable to allow requests from this host / port.
[2026-10-05T20:45:57.838Z] error: Host validation failed for: home.hemati.com:8443. Hint: Set the HOMEPAGE_ALLOWED_HOSTS environment variable to allow requests from this host / port.
[2026-10-05T20:45:57.989Z] error: Host validation failed for: home.hemati.com:8443. Hint: Set the HOMEPAGE_ALLOWED_HOSTS environment variable to allow requests from this host / port.
[2026-10-05T20:45:57.990Z] error: Host validation failed for: home.hemati.com:8443. Hint: Set the HOMEPAGE_ALLOWED_HOSTS environment variable to allow requests from this host / port.
[2026-10-05T20:45:57.991Z] error: Host validation failed for: home.hemati.com:8443. Hint: Set the HOMEPAGE_ALLOWED_HOSTS environment variable to allow requests from this host / port.
[2026-10-05T20:45:58.040Z] error: Host validation failed for: home.hemati.com:8443. Hint: Set the HOMEPAGE_ALLOWED_HOSTS environment variable to allow requests from this host / port.
[2026-10-05T20:45:58.062Z] error: Host validation failed for: home.hemati.com:8443. Hint: Set the HOMEPAGE_ALLOWED_HOSTS environment variable to allow requests from this host / port.
[2026-10-05T20:45:58.063Z] error: Host validation failed for: home.hemati.com:8443. Hint: Set the HOMEPAGE_ALLOWED_HOSTS environment variable to allow requests from this host / port.
[2026-10-05T20:45:58.235Z] error: Host validation failed for: home.hemati.com:8443. Hint: Set the HOMEPAGE_ALLOWED_HOSTS environment variable to allow requests from this host / port.
[2026-10-05T20:45:58.238Z] error: Host validation failed for: home.hemati.com:8443. Hint: Set the HOMEPAGE_ALLOWED_HOSTS environment variable to allow requests from this host / port.
[2026-10-05T20:45:58.241Z] error: Host validation failed for: home.hemati.com:8443. Hint: Set the HOMEPAGE_ALLOWED_HOSTS environment variable to allow requests from this host / port.
[2026-10-05T20:45:58.296Z] error: Host validation failed for: home.hemati.com:8443. Hint: Set the HOMEPAGE_ALLOWED_HOSTS environment variable to allow requests from this host / port.
[2026-10-05T20:45:58.310Z] error: Host validation failed for: home.hemati.com:8443. Hint: Set the HOMEPAGE_ALLOWED_HOSTS environment variable to allow requests from this host / port.
[2026-10-05T20:45:58.474Z] error: Host validation failed for: home.hemati.com:8443. Hint: Set the HOMEPAGE_ALLOWED_HOSTS environment variable to allow requests from this host / port.
[2026-10-05T20:45:58.476Z] error: Host validation failed for: home.hemati.com:8443. Hint: Set the HOMEPAGE_ALLOWED_HOSTS environment variable to allow requests from this host / port.
[2026-10-05T20:45:58.481Z] error: Host validation failed for: home.hemati.com:8443. Hint: Set the HOMEPAGE_ALLOWED_HOSTS environment variable to allow requests from this host / port.
[2026-10-05T20:45:58.536Z] error: Host validation failed for: home.hemati.com:8443. Hint: Set the HOMEPAGE_ALLOWED_HOSTS environment variable to allow requests from this host / port.
[2026-10-05T20:45:58.547Z] error: Host validation failed for: home.hemati.com:8443. Hint: Set the HOMEPAGE_ALLOWED_HOSTS environment variable to allow requests from this host / port.
[2026-10-05T20:45:58.702Z] error: Host validation failed for: home.hemati.com:8443. Hint: Set the HOMEPAGE_ALLOWED_HOSTS environment variable to allow requests from this host / port.
[2026-10-05T20:45:58.703Z] error: Host validation failed for: home.hemati.com:8443. Hint: Set the HOMEPAGE_ALLOWED_HOSTS environment variable to allow requests from this host / port.
[2026-10-05T20:45:58.723Z] error: Host validation failed for: home.hemati.com:8443. Hint: Set the HOMEPAGE_ALLOWED_HOSTS environment variable to allow requests from this host / port.
[2026-10-05T20:45:58.727Z] error: Host validation failed for: home.hemati.com:8443. Hint: Set the HOMEPAGE_ALLOWED_HOSTS environment variable to allow requests from this host / port.
[2026-10-05T20:45:58.764Z] error: Host validation failed for: home.hemati.com:8443. Hint: Set the HOMEPAGE_ALLOWED_HOSTS environment variable to allow requests from this host / port.
[2026-10-05T20:45:58.798Z] error: Host validation failed for: home.hemati.com:8443. Hint: Set the HOMEPAGE_ALLOWED_HOSTS environment variable to allow requests from this host / port.
[2026-10-05T20:45:59.035Z] error: Host validation failed for: home.hemati.com:8443. Hint: Set the HOMEPAGE_ALLOWED_HOSTS environment variable to allow requests from this host / port.
[2026-10-05T20:45:59.037Z] error: Host validation failed for: home.hemati.com:8443. Hint: Set the HOMEPAGE_ALLOWED_HOSTS environment variable to allow requests from this host / port.
[2026-10-05T20:45:59.038Z] error: Host validation failed for: home.hemati.com:8443. Hint: Set the HOMEPAGE_ALLOWED_HOSTS environment variable to allow requests from this host / port.
[2026-10-05T20:45:59.039Z] error: Host validation failed for: home.hemati.com:8443. Hint: Set the HOMEPAGE_ALLOWED_HOSTS environment variable to allow requests from this host / port.
[2026-10-05T20:45:59.040Z] error: Host validation failed for: home.hemati.com:8443. Hint: Set the HOMEPAGE_ALLOWED_HOSTS environment variable to allow requests from this host / port.
[2026-10-05T20:45:59.053Z] error: Host validation failed for: home.hemati.com:8443. Hint: Set the HOMEPAGE_ALLOWED_HOSTS environment variable to allow requests from this host / port.
[2026-10-05T20:45:59.269Z] error: Host validation failed for: home.hemati.com:8443. Hint: Set the HOMEPAGE_ALLOWED_HOSTS environment variable to allow requests from this host / port.
[2026-10-05T20:45:59.271Z] error: Host validation failed for: home.hemati.com:8443. Hint: Set the HOMEPAGE_ALLOWED_HOSTS environment variable to allow requests from this host / port.
[2026-10-05T20:45:59.277Z] error: Host validation failed for: home.hemati.com:8443. Hint: Set the HOMEPAGE_ALLOWED_HOSTS environment variable to allow requests from this host / port.
[2026-10-05T20:45:59.284Z] error: Host validation failed for: home.hemati.com:8443. Hint: Set the HOMEPAGE_ALLOWED_HOSTS environment variable to allow requests from this host / port.
[2026-10-05T20:45:59.294Z] error: Host validation failed for: home.hemati.com:8443. Hint: Set the HOMEPAGE_ALLOWED_HOSTS environment variable to allow requests from this host / port.
[2026-10-05T20:45:59.437Z] error: Host validation failed for: home.hemati.com:8443. Hint: Set the HOMEPAGE_ALLOWED_HOSTS environment variable to allow requests from this host / port.
[2026-10-05T20:45:59.450Z] error: Host validation failed for: home.hemati.com:8443. Hint: Set the HOMEPAGE_ALLOWED_HOSTS environment variable to allow requests from this host / port.
[2026-10-05T20:45:59.452Z] error: Host validation failed for: home.hemati.com:8443. Hint: Set the HOMEPAGE_ALLOWED_HOSTS environment variable to allow requests from this host / port.
[2026-10-05T20:45:59.457Z] error: Host validation failed for: home.hemati.com:8443. Hint: Set the HOMEPAGE_ALLOWED_HOSTS environment variable to allow requests from this host / port.
[2026-10-05T20:45:59.464Z] error: Host validation failed for: home.hemati.com:8443. Hint: Set the HOMEPAGE_ALLOWED_HOSTS environment variable to allow requests from this host / port.
[2026-10-05T20:45:59.477Z] error: Host validation failed for: home.hemati.com:8443. Hint: Set the HOMEPAGE_ALLOWED_HOSTS environment variable to allow requests from this host / port.
[2026-10-05T20:45:59.681Z] error: Host validation failed for: home.hemati.com:8443. Hint: Set the HOMEPAGE_ALLOWED_HOSTS environment variable to allow requests from this host / port.
[2026-10-05T20:45:59.702Z] error: Host validation failed for: home.hemati.com:8443. Hint: Set the HOMEPAGE_ALLOWED_HOSTS environment variable to allow requests from this host / port.
[2026-10-05T20:45:59.704Z] error: Host validation failed for: home.hemati.com:8443. Hint: Set the HOMEPAGE_ALLOWED_HOSTS environment variable to allow requests from this host / port.
[2026-10-05T20:45:59.712Z] error: Host validation failed for: home.hemati.com:8443. Hint: Set the HOMEPAGE_ALLOWED_HOSTS environment variable to allow requests from this host / port.
[2026-10-05T20:45:59.714Z] error: Host validation failed for: home.hemati.com:8443. Hint: Set the HOMEPAGE_ALLOWED_HOSTS environment variable to allow requests from this host / port.
[2026-10-05T20:46:00.042Z] error: Host validation failed for: home.hemati.com:8443. Hint: Set the HOMEPAGE_ALLOWED_HOSTS environment variable to allow requests from this host / port.
[2026-10-05T20:46:00.043Z] error: Host validation failed for: home.hemati.com:8443. Hint: Set the HOMEPAGE_ALLOWED_HOSTS environment variable to allow requests from this host / port.
[2026-10-05T20:46:00.044Z] error: Host validation failed for: home.hemati.com:8443. Hint: Set the HOMEPAGE_ALLOWED_HOSTS environment variable to allow requests from this host / port.
[2026-10-05T20:46:00.046Z] error: Host validation failed for: home.hemati.com:8443. Hint: Set the HOMEPAGE_ALLOWED_HOSTS environment variable to allow requests from this host / port.
[2026-10-05T20:46:00.050Z] error: Host validation failed for: home.hemati.com:8443. Hint: Set the HOMEPAGE_ALLOWED_HOSTS environment variable to allow requests from this host / port.
[2026-10-05T20:46:00.052Z] error: Host validation failed for: home.hemati.com:8443. Hint: Set the HOMEPAGE_ALLOWED_HOSTS environment variable to allow requests from this host / port.
[2026-10-05T20:46:00.278Z] error: Host validation failed for: home.hemati.com:8443. Hint: Set the HOMEPAGE_ALLOWED_HOSTS environment variable to allow requests from this host / port.
[2026-10-05T20:46:00.286Z] error: Host validation failed for: home.hemati.com:8443. Hint: Set the HOMEPAGE_ALLOWED_HOSTS environment variable to allow requests from this host / port.
[2026-10-05T20:46:00.287Z] error: Host validation failed for: home.hemati.com:8443. Hint: Set the HOMEPAGE_ALLOWED_HOSTS environment variable to allow requests from this host / port.
[2026-10-05T20:46:00.294Z] error: Host validation failed for: home.hemati.com:8443. Hint: Set the HOMEPAGE_ALLOWED_HOSTS environment variable to allow requests from this host / port.
[2026-10-05T20:46:00.295Z] error: Host validation failed for: home.hemati.com:8443. Hint: Set the HOMEPAGE_ALLOWED_HOSTS environment variable to allow requests from this host / port.
[2026-10-05T20:46:00.303Z] error: Host validation failed for: home.hemati.com:8443. Hint: Set the HOMEPAGE_ALLOWED_HOSTS environment variable to allow requests from this host / port.
[2026-10-05T20:46:00.518Z] error: Host validation failed for: home.hemati.com:8443. Hint: Set the HOMEPAGE_ALLOWED_HOSTS environment variable to allow requests from this host / port.
[2026-10-05T20:46:00.525Z] error: Host validation failed for: home.hemati.com:8443. Hint: Set the HOMEPAGE_ALLOWED_HOSTS environment variable to allow requests from this host / port.
[2026-10-05T20:46:00.527Z] error: Host validation failed for: home.hemati.com:8443. Hint: Set the HOMEPAGE_ALLOWED_HOSTS environment variable to allow requests from this host / port.
[2026-10-05T20:46:00.533Z] error: Host validation failed for: home.hemati.com:8443. Hint: Set the HOMEPAGE_ALLOWED_HOSTS environment variable to allow requests from this host / port.
[2026-10-05T20:46:00.534Z] error: Host validation failed for: home.hemati.com:8443. Hint: Set the HOMEPAGE_ALLOWED_HOSTS environment variable to allow requests from this host / port.
[2026-10-05T20:46:00.545Z] error: Host validation failed for: home.hemati.com:8443. Hint: Set the HOMEPAGE_ALLOWED_HOSTS environment variable to allow requests from this host / port.
[2026-10-05T20:46:00.758Z] error: Host validation failed for: home.hemati.com:8443. Hint: Set the HOMEPAGE_ALLOWED_HOSTS environment variable to allow requests from this host / port.
[2026-10-05T20:46:00.767Z] error: Host validation failed for: home.hemati.com:8443. Hint: Set the HOMEPAGE_ALLOWED_HOSTS environment variable to allow requests from this host / port.
[2026-10-05T20:46:00.769Z] error: Host validation failed for: home.hemati.com:8443. Hint: Set the HOMEPAGE_ALLOWED_HOSTS environment variable to allow requests from this host / port.
[2026-10-05T20:46:00.775Z] error: Host validation failed for: home.hemati.com:8443. Hint: Set the HOMEPAGE_ALLOWED_HOSTS environment variable to allow requests from this host / port.
[2026-10-05T20:46:00.793Z] error: Host validation failed for: home.hemati.com:8443. Hint: Set the HOMEPAGE_ALLOWED_HOSTS environment variable to allow requests from this host / port.
[2026-10-05T20:46:00.797Z] error: Host validation failed for: home.hemati.com:8443. Hint: Set the HOMEPAGE_ALLOWED_HOSTS environment variable to allow requests from this host / port.
[2026-10-05T20:46:00.997Z] error: Host validation failed for: home.hemati.com:8443. Hint: Set the HOMEPAGE_ALLOWED_HOSTS environment variable to allow requests from this host / port.
[2026-10-05T20:46:01.020Z] error: Host validation failed for: home.hemati.com:8443. Hint: Set the HOMEPAGE_ALLOWED_HOSTS environment variable to allow requests from this host / port.
[2026-10-05T20:46:01.021Z] error: Host validation failed for: home.hemati.com:8443. Hint: Set the HOMEPAGE_ALLOWED_HOSTS environment variable to allow requests from this host / port.
[2026-10-05T20:46:01.027Z] error: Host validation failed for: home.hemati.com:8443. Hint: Set the HOMEPAGE_ALLOWED_HOSTS environment variable to allow requests from this host / port.
[2026-10-05T20:46:01.028Z] error: Host validation failed for: home.hemati.com:8443. Hint: Set the HOMEPAGE_ALLOWED_HOSTS environment variable to allow requests from this host / port.
[2026-10-05T20:46:01.041Z] error: Host validation failed for: home.hemati.com:8443. Hint: Set the HOMEPAGE_ALLOWED_HOSTS environment variable to allow requests from this host / port.
[2026-10-05T20:46:01.252Z] error: Host validation failed for: home.hemati.com:8443. Hint: Set the HOMEPAGE_ALLOWED_HOSTS environment variable to allow requests from this host / port.
[2026-10-05T20:46:01.267Z] error: Host validation failed for: home.hemati.com:8443. Hint: Set the HOMEPAGE_ALLOWED_HOSTS environment variable to allow requests from this host / port.
[2026-10-05T20:46:01.269Z] error: Host validation failed for: home.hemati.com:8443. Hint: Set the HOMEPAGE_ALLOWED_HOSTS environment variable to allow requests from this host / port.
[2026-10-05T20:46:01.275Z] error: Host validation failed for: home.hemati.com:8443. Hint: Set the HOMEPAGE_ALLOWED_HOSTS environment variable to allow requests from this host / port.
[2026-10-05T20:46:01.276Z] error: Host validation failed for: home.hemati.com:8443. Hint: Set the HOMEPAGE_ALLOWED_HOSTS environment variable to allow requests from this host / port.
[2026-10-05T20:46:01.277Z] error: Host validation failed for: home.hemati.com:8443. Hint: Set the HOMEPAGE_ALLOWED_HOSTS environment variable to allow requests from this host / port.
[2026-10-05T20:46:01.478Z] error: Host validation failed for: home.hemati.com:8443. Hint: Set the HOMEPAGE_ALLOWED_HOSTS environment variable to allow requests from this host / port.
[2026-10-05T20:46:01.503Z] error: Host validation failed for: home.hemati.com:8443. Hint: Set the HOMEPAGE_ALLOWED_HOSTS environment variable to allow requests from this host / port.
[2026-10-05T20:46:01.512Z] error: Host validation failed for: home.hemati.com:8443. Hint: Set the HOMEPAGE_ALLOWED_HOSTS environment variable to allow requests from this host / port.
[2026-10-05T20:46:01.523Z] error: Host validation failed for: home.hemati.com:8443. Hint: Set the HOMEPAGE_ALLOWED_HOSTS environment variable to allow requests from this host / port.
[2026-10-05T20:46:01.527Z] error: Host validation failed for: home.hemati.com:8443. Hint: Set the HOMEPAGE_ALLOWED_HOSTS environment variable to allow requests from this host / port.
[2026-10-05T20:46:01.541Z] error: Host validation failed for: home.hemati.com:8443. Hint: Set the HOMEPAGE_ALLOWED_HOSTS environment variable to allow requests from this host / port.
[2026-10-05T20:46:01.742Z] error: Host validation failed for: home.hemati.com:8443. Hint: Set the HOMEPAGE_ALLOWED_HOSTS environment variable to allow requests from this host / port.
[2026-10-05T20:46:01.767Z] error: Host validation failed for: home.hemati.com:8443. Hint: Set the HOMEPAGE_ALLOWED_HOSTS environment variable to allow requests from this host / port.
[2026-10-05T20:46:01.772Z] error: Host validation failed for: home.hemati.com:8443. Hint: Set the HOMEPAGE_ALLOWED_HOSTS environment variable to allow requests from this host / port.
[2026-10-05T20:46:01.782Z] error: Host validation failed for: home.hemati.com:8443. Hint: Set the HOMEPAGE_ALLOWED_HOSTS environment variable to allow requests from this host / port.
[2026-10-05T20:46:02.042Z] error: Host validation failed for: home.hemati.com:8443. Hint: Set the HOMEPAGE_ALLOWED_HOSTS environment variable to allow requests from this host / port.
[2026-10-05T20:46:02.044Z] error: Host validation failed for: home.hemati.com:8443. Hint: Set the HOMEPAGE_ALLOWED_HOSTS environment variable to allow requests from this host / port.
[2026-10-05T20:46:02.045Z] error: Host validation failed for: home.hemati.com:8443. Hint: Set the HOMEPAGE_ALLOWED_HOSTS environment variable to allow requests from this host / port.
[2026-10-05T20:46:02.046Z] error: Host validation failed for: home.hemati.com:8443. Hint: Set the HOMEPAGE_ALLOWED_HOSTS environment variable to allow requests from this host / port.
[2026-10-05T20:46:02.047Z] error: Host validation failed for: home.hemati.com:8443. Hint: Set the HOMEPAGE_ALLOWED_HOSTS environment variable to allow requests from this host / port.
[2026-10-05T20:46:02.137Z] error: Host validation failed for: home.hemati.com:8443. Hint: Set the HOMEPAGE_ALLOWED_HOSTS environment variable to allow requests from this host / port.
[2026-10-05T20:46:02.509Z] error: Host validation failed for: home.hemati.com:8443. Hint: Set the HOMEPAGE_ALLOWED_HOSTS environment variable to allow requests from this host / port.
[2026-10-05T20:46:02.752Z] error: Host validation failed for: home.hemati.com:8443. Hint: Set the HOMEPAGE_ALLOWED_HOSTS environment variable to allow requests from this host / port.
[2026-10-05T20:46:02.995Z] error: Host validation failed for: home.hemati.com:8443. Hint: Set the HOMEPAGE_ALLOWED_HOSTS environment variable to allow requests from this host / port.
[2026-10-05T20:46:03.259Z] error: Host validation failed for: home.hemati.com:8443. Hint: Set the HOMEPAGE_ALLOWED_HOSTS environment variable to allow requests from this host / port.
[2026-10-05T20:46:03.550Z] error: Host validation failed for: home.hemati.com:8443. Hint: Set the HOMEPAGE_ALLOWED_HOSTS environment variable to allow requests from this host / port.
[2026-10-05T20:46:03.796Z] error: Host validation failed for: home.hemati.com:8443. Hint: Set the HOMEPAGE_ALLOWED_HOSTS environment variable to allow requests from this host / port.
[2026-10-05T20:46:04.082Z] error: Host validation failed for: home.hemati.com:8443. Hint: Set the HOMEPAGE_ALLOWED_HOSTS environment variable to allow requests from this host / port.
[2026-10-05T20:46:04.320Z] error: Host validation failed for: home.hemati.com:8443. Hint: Set the HOMEPAGE_ALLOWED_HOSTS environment variable to allow requests from this host / port.
[2026-10-05T20:46:04.549Z] error: Host validation failed for: home.hemati.com:8443. Hint: Set the HOMEPAGE_ALLOWED_HOSTS environment variable to allow requests from this host / port.
[2026-10-05T20:46:04.775Z] error: Host validation failed for: home.hemati.com:8443. Hint: Set the HOMEPAGE_ALLOWED_HOSTS environment variable to allow requests from this host / port.
[2026-10-05T20:46:05.061Z] error: Host validation failed for: home.hemati.com:8443. Hint: Set the HOMEPAGE_ALLOWED_HOSTS environment variable to allow requests from this host / port.
[2026-10-05T20:46:05.318Z] error: Host validation failed for: home.hemati.com:8443. Hint: Set the HOMEPAGE_ALLOWED_HOSTS environment variable to allow requests from this host / port.
[2026-10-05T20:46:05.578Z] error: Host validation failed for: home.hemati.com:8443. Hint: Set the HOMEPAGE_ALLOWED_HOSTS environment variable to allow requests from this host / port.
[2026-10-05T20:46:05.813Z] error: Host validation failed for: home.hemati.com:8443. Hint: Set the HOMEPAGE_ALLOWED_HOSTS environment variable to allow requests from this host / port.
[2026-10-05T20:46:06.065Z] error: Host validation failed for: home.hemati.com:8443. Hint: Set the HOMEPAGE_ALLOWED_HOSTS environment variable to allow requests from this host / port.
[2026-10-05T20:46:06.315Z] error: Host validation failed for: home.hemati.com:8443. Hint: Set the HOMEPAGE_ALLOWED_HOSTS environment variable to allow requests from this host / port.
[2026-10-05T20:46:06.587Z] error: Host validation failed for: home.hemati.com:8443. Hint: Set the HOMEPAGE_ALLOWED_HOSTS environment variable to allow requests from this host / port.
[2026-10-05T20:46:06.819Z] error: Host validation failed for: home.hemati.com:8443. Hint: Set the HOMEPAGE_ALLOWED_HOSTS environment variable to allow requests from this host / port.
[2026-10-05T20:46:07.063Z] error: Host validation failed for: home.hemati.com:8443. Hint: Set the HOMEPAGE_ALLOWED_HOSTS environment variable to allow requests from this host / port.
[2026-10-05T20:46:07.293Z] error: Host validation failed for: home.hemati.com:8443. Hint: Set the HOMEPAGE_ALLOWED_HOSTS environment variable to allow requests from this host / port.
[2026-10-05T20:46:07.579Z] error: Host validation failed for: home.hemati.com:8443. Hint: Set the HOMEPAGE_ALLOWED_HOSTS environment variable to allow requests from this host / port.
[2026-10-05T20:46:07.828Z] error: Host validation failed for: home.hemati.com:8443. Hint: Set the HOMEPAGE_ALLOWED_HOSTS environment variable to allow requests from this host / port.
